artistName,musicName,Radiojavan_play,Radiojavan_likes,pubdate,popularity,danceability,energy,loudness,speechiness,acousticness,instrumentalness,liveness,valence,tempo,duration_ms
Sasy,Gentleman,97011366,92837,Mar 6 2019,50,0.847,0.899,-2.807,0.175,0.249,4.58E-05,0.334,0.963,128.017,186044
Mohsen Yeganeh,Behet Ghol Midam,82238605,92258,Feb 29 2016,50,0.794,0.539,-8.058,0.0458,0.505,4.01E-06,0.0685,0.709,95.031,217263
Behnam Bani,Ashegham Karde,68372476,66724,Mar 11 2017,42,0.749,0.914,-3.084,0.124,0.654,0,0.315,0.905,104.993,208515
Masih,To Ke Nisti Pisham,68357479,93209,Mar 13 2017,42,0.723,0.837,-5.779,0.168,0.356,0,0.353,0.563,142.478,185136
Masih,100 Rishteri,68074878,50030,Mar 16 2019,44,0.766,0.79,-6.484,0.202,0.0416,0,0.768,0.904,109.904,144327
Shadmehr Aghili,Door Shodi,67084762,74643,Jun 12 2019,45,0.685,0.876,-4.579,0.0869,0.608,0,0.162,0.713,89.969,192052
Hamed Homayoun,Chatre Khis,64675480,76749,Jun 15 2016,39,0.787,0.838,-6.19,0.0588,0.0475,7.59E-05,0.129,0.669,121.959,231471
Masih,Darya,64366558,73310,Feb 6 2019,44,0.589,0.603,-5.27,0.167,0.422,0,0.395,0.346,155.609,187152
Masih & Arash Ap,Bia Bazam,59912047,65190,Oct 10 2015,35,0.742,0.714,-4.365,0.31,0.532,0,0.17,0.761,85.045,203180
Ashvan,Sheyda,59474379,66437,Feb 14 2019,43,0.515,0.726,-7.189,0.158,0.00158,0,0.228,0.568,115.067,202397
Hoorosh Band,Ashegham Kardi,56918364,52447,Dec 3 2018,45,0.818,0.679,-5.528,0.11,0.189,0,0.257,0.828,101.961,182712
Behnam Bani,Akhmato Va Kon,55895816,53389,Jul 16 2017,35,0.72,0.876,-2.838,0.0844,0.375,0,0.398,0.771,105.025,197695
Masoud Sadeghloo,Akhare Shab - Remix,54785645,64703,Dec 26 2016,15,0.755,0.923,-5.478,0.142,0.0479,0,0.347,0.661,120.05,258064
Sasy,Saaghiya,52658150,44365,Mar 5 2016,42,0.794,0.781,-5.332,0.196,0.0554,0,0.881,0.508,118.031,185130
Hoorosh Band,Mah Pishooni,52153840,52915,Mar 8 2018,42,0.74,0.653,-8.043,0.0649,0.544,0,0.243,0.765,147.037,182204
Sasy,Che Pesari,51796258,35920,Aug 1 2018,28,0.791,0.947,-3.01,0.314,0.00862,0,0.39,0.821,119.993,180037
Ebi,Gheseh Eshgh,51419400,43708,Feb 19 2013,34,0.845,0.599,-11.122,0.159,0.705,0,0.151,0.922,114.898,250307
Shahab Mozaffari,Delbarito Kamtaresh Kon,51358185,64170,Dec 16 2017,39,0.845,0.732,-4.38,0.206,0.254,0,0.204,0.891,142.483,192048
Amir Tataloo,Navazesh,51195643,63929,Dec 2 2016,40,0.626,0.62,-7.82,0.373,0.767,0,0.0907,0.493,165.508,242232
Behnam Bani,Ghorse Ghamar 2,50730980,46655,Feb 4 2018,39,0.701,0.911,-2.891,0.221,0.0471,0,0.262,0.889,123.993,177908
Hoorosh Band,Be Ki Poz Midi,50710043,58160,May 31 2017,36,0.729,0.692,-5.481,0.0324,0.712,0,0.102,0.688,124.523,194273
Farzad Farzin,Asheghaneh,50537551,54159,Mar 14 2017,45,0.636,0.841,-3.656,0.0701,0.348,3.86E-06,0.148,0.707,82.499,231497
Hamid Hiraad,Shookhie Mage,49683771,73183,Oct 30 2017,41,0.688,0.785,-2.679,0.123,0.148,0,0.437,0.682,89.953,205363
Alishmas,Adat Kardam,49230680,40274,Mar 1 2016,40,0.728,0.851,-5.728,0.177,0.643,0.000242,0.243,0.958,94.92,240072
Alishmas,Adat Kardam,48022757,43621,Nov 11 2015,40,0.728,0.851,-5.728,0.177,0.643,0.000242,0.243,0.958,94.92,240072
Shadmehr Aghili,Rooze Sard,47114925,53737,Dec 9 2016,35,0.607,0.715,-5.407,0.0433,0.706,0,0.326,0.298,127.901,243592
Shadmehr Aghili,Vaghti Ke Bad Misham,46543683,48975,Mar 17 2019,43,0.689,0.758,-5.592,0.0756,0.58,0,0.318,0.586,160.47,200673
Sogand,Salam,46496875,49191,Mar 13 2019,37,0.902,0.586,-5.887,0.0736,0.114,0,0.375,0.834,121.994,195214
Aref,Ki Behtar Az To,45439789,57131,Oct 30 2016,41,0.735,0.869,-5.049,0.0737,0.546,0,0.129,0.871,109.993,235678
Reza Bahram,Az Eshgh Bego,44625653,48966,Jul 20 2018,42,0.414,0.286,-9.429,0.0328,0.94,9.12E-06,0.0913,0.474,78.091,222067
Mohammad Alizadeh,Eshgham Inrooza,44501454,55557,Nov 30 2016,4,0.699,0.746,-6.238,0.0364,0.232,3.64E-05,0.0868,0.855,124.995,217992
Hoorosh Band,Akhar Mano Be Baad Dad,44481812,38345,May 1 2017,20,0.696,0.637,-6.572,0.0386,0.82,0,0.113,0.511,110.067,212729
Sirvan Khosravi,Ghabe Akse Khali,44331585,49283,Sep 13 2016,36,0.705,0.806,-6.266,0.0855,0.00583,3.37E-05,0.25,0.706,124.001,279118
Aron Afshar,Janam Bash,43816333,48010,Feb 4 2019,46,0.706,0.838,-3.213,0.282,0.714,0,0.106,0.709,150.009,262871
Reza Bahram,Divaneh,43456471,45349,Nov 21 2018,39,0.484,0.349,-5.001,0.034,0.9,0,0.0985,0.388,78.39,244549
Macan Band,2 Deyghe Boodi,42810108,29265,Dec 27 2017,33,0.643,0.618,-6.364,0.0732,0.0338,0.00758,0.0814,0.64,125.228,147057
Behnam Bani,Che Bekhay Che Nakhay,42743979,42952,Aug 3 2017,24,0.748,0.881,-2.844,0.0895,0.499,0,0.57,0.955,112.957,222015
Evan Band,Alijenab,42267904,48651,Aug 27 2018,48,0.81,0.764,-5.334,0.0339,0.213,6.83E-06,0.341,0.678,120.074,215092
Aron Afshar,Shabe Royaei,41973756,41073,Oct 8 2019,48,0.701,0.91,-3.96,0.281,0.653,0,0.186,0.608,103.026,239491
Shadmehr Aghili,Hesse Khoobie - Original Mix,41824784,37381,Feb 4 2016,42,0.501,0.865,-4.188,0.0665,0.294,0,0.317,0.647,82.274,262896
Alireza Talischi,Akharesh Ghashange,41314014,43062,Nov 24 2018,31,0.687,0.884,-4.488,0.0666,0.34,0,0.177,0.754,141.974,163149
Shadmehr Aghili,Ghalbe Man,41242322,50486,Aug 26 2017,32,0.657,0.816,-4.366,0.0605,0.315,4.82E-06,0.358,0.439,124.998,200229
Masih & Arash Ap,Hanooz Hamoonam,40604825,38554,Jun 23 2015,31,0.76,0.807,-4.598,0.341,0.123,2.63E-05,0.341,0.569,118.008,243827
Shadmehr Aghili,Khaabe Khosh,39553515,51096,Oct 26 2019,41,0.645,0.794,-6.015,0.195,0.296,0,0.194,0.272,110.015,223713
TM Bax,Lazemami,38999404,37712,May 8 2019,42,0.657,0.795,-4.748,0.375,0.133,0,0.0666,0.905,175.29,184615
Sina Shabankhani,Amdan,38618800,40202,May 3 2017,36,0.775,0.641,-6.978,0.0561,0.779,0,0.107,0.656,134.98,192024
Homayoun Shajarian,Ahay Khabardar,38367288,56346,Mar 15 2017,18,0.418,0.221,-8.727,0.0354,0.978,4.10E-06,0.0928,0.331,151.317,263955
Shadmehr Aghili,Tajrobeh Kon,37363347,48856,Nov 14 2016,30,0.542,0.719,-6.536,0.0796,0.692,2.65E-06,0.204,0.247,131.988,219324
Masih,Nemiram,37342690,36190,Mar 16 2019,42,0.749,0.722,-5.389,0.148,0.318,0,0.314,0.724,142.452,183745
Hamed Homayoun,Sheydaei,36552950,46238,Sep 8 2016,23,0.586,0.81,-5.079,0.125,0.11,0,0.262,0.468,125.939,191136
Sasy,Ostad,36129173,33654,Jul 18 2017,35,0.809,0.764,-4.97,0.13,0.0293,0,0.31,0.579,124.925,190669
Amirabbas Golab,Gooneh,35924420,46174,Dec 12 2017,37,0.764,0.81,-5.528,0.0835,0.558,8.40E-06,0.136,0.98,164.171,180781
Shadmehr Aghili,Faghat Ba To Eshgham - Original Mix,35377413,39986,Jun 23 2016,30,0.646,0.771,-4.191,0.0375,0.0584,1.48E-05,0.161,0.504,111.024,233613
Donya,Koo Ta Biad,35132946,44152,Dec 21 2018,31,0.55,0.887,-5.097,0.377,0.219,0,0.287,0.674,158.894,174656
Alishmas,Adame Badi Naboodam,34968751,30357,Jan 4 2016,34,0.766,0.735,-6.05,0.134,0.515,0,0.247,0.603,80,270720
Sahar,Ey Vay,34756158,40835,Dec 27 2016,33,0.823,0.887,-2,0.134,0.301,0,0.361,0.823,110.084,200151
Shadmehr Aghili,Hamishegi,34715238,46441,Dec 5 2016,38,0.653,0.848,-5.742,0.0805,0.432,0,0.0861,0.615,81.97,196075
Ebi,Akharin Bar,34552971,30947,Dec 21 2014,40,0.281,0.568,-5.284,0.0397,0.744,2.83E-05,0.0811,0.409,175.539,186600
Farzad Farzin,Jazzab,34531365,30989,Mar 16 2019,41,0.76,0.823,-3.33,0.166,0.0284,0,0.312,0.927,111.04,203172
Zedbazi,Nakoni Bavar,34340640,46280,Oct 4 2012,38,0.679,0.658,-9.772,0.145,0.783,2.68E-06,0.11,0.611,94.978,319164
Mohsen Yeganeh,Vabastegi,34054872,40913,Nov 24 2016,44,0.871,0.727,-5.047,0.202,0.273,0,0.104,0.927,111.126,179487
Sasy,Doctor,33965260,38885,Mar 4 2020,47,0.851,0.794,-3.304,0.0512,0.171,2.89E-06,0.0335,0.861,120.949,206107
Amir Tataloo,Mr. Lodeh,33945088,36679,Apr 25 2015,43,0.778,0.822,-4.638,0.229,0.427,0,0.131,0.767,100.958,549048
Mohammad Alizadeh,Hamine Ke Hast - Original Mix,33839311,36298,May 20 2015,19,0.791,0.876,-5.288,0.0509,0.0208,2.63E-05,0.0786,0.957,125.98,208170
Behnam Bani,Bassame,33838296,41539,Jun 27 2017,24,0.575,0.862,-2.787,0.0728,0.642,0,0.352,0.839,84.95,212904
Hamid Hiraad,Nimeye Janam,33426282,49566,Dec 20 2017,39,0.443,0.767,-2.921,0.0823,0.409,0,0.14,0.42,150.218,192013
Alishmas,Madyoonam Be To,33276659,47810,Jul 11 2016,33,0.888,0.79,-5.145,0.0507,0.0419,0,0.0472,0.647,119.991,244080
Alireza Talischi,Divooneye Doos Dashtani,32969111,36060,Aug 28 2018,35,0.783,0.889,-1.966,0.0997,0.352,0,0.257,0.815,108.983,199309
Mohsen Yeganeh,Darkam Kon,32636068,30914,May 10 2015,37,0.819,0.71,-6.496,0.116,0.152,0,0.0687,0.708,119.996,227170
Satin,Aziz Joon,32606929,32087,Feb 25 2019,41,0.928,0.606,-6.156,0.123,0.0151,0,0.0861,0.474,106.996,196520
Black Cats,Dafi Joon (feat. Edvin),32585609,34321,Apr 27 2016,38,0.813,0.94,-3.945,0.075,0.0108,1.13E-05,0.324,0.909,125.991,217170
Puzzle Band,Maghrooro Ashegh - Remix,32552602,39705,Jun 30 2018,25,0.678,0.74,-7.722,0.0273,0.555,0.24,0.0984,0.568,99.987,235102
Masoud Sadeghloo,Dorehami,32412562,41527,Nov 23 2016,31,0.516,0.506,-4.529,0.0502,0.801,0,0.189,0.94,87.944,109166
Zedbazi,Nakoni Bavar,32234497,48059,Jan 14 2015,38,0.679,0.658,-9.772,0.145,0.783,2.68E-06,0.11,0.611,94.978,319164
Ehaam,Bezan Baran,32180895,43458,Feb 11 2018,39,0.719,0.651,-6.499,0.0698,0.186,0,0.607,0.83,99.988,253571
Sahar,Che Haliye,32048619,33559,May 28 2018,32,0.667,0.892,-3.37,0.179,0.279,0,0.135,0.899,109.779,242705
Zedbazi,Nakoni Bavar,31033458,39750,Jul 12 2017,38,0.679,0.658,-9.772,0.145,0.783,2.68E-06,0.11,0.611,94.978,319164
Zakhmi,Bomb,30828750,31948,Feb 11 2019,31,0.596,0.689,-4.142,0.349,0.174,0,0.563,0.515,179.867,197539
Mehdi Jahani,Bekhab Donya,30808787,36239,Feb 13 2019,42,0.876,0.521,-6.602,0.093,0.343,0.00222,0.0905,0.524,104.007,225037
TM Bax,Boale,30779606,30990,Nov 2 2018,40,0.812,0.671,-4.483,0.171,0.204,0,0.224,0.67,96.115,245055
Mohsen Yeganeh,Daryabam,30749469,30631,Dec 14 2018,5,0.71,0.804,-6.778,0.208,0.214,0,0.4,0.781,114.998,181574
Behnam Bani,Alagheye Khas,30735337,28362,Jul 26 2016,18,0.763,0.834,-5.435,0.0807,0.351,0.000574,0.185,0.878,119.991,216552
Sasy,Salam,30548124,35036,Sep 7 2016,37,0.768,0.822,-4.044,0.19,0.0103,0,0.347,0.52,109.927,183719
Koorosh,Yebaram Man,30426237,27629,Jun 4 2019,37,0.707,0.495,-9.132,0.0876,0.483,6.54E-06,0.112,0.207,89.974,325382
Mohsen Chavoshi,Dele Man,30355672,35885,Jun 5 2016,41,0.714,0.924,-3.663,0.235,0.309,0,0.487,0.84,124.996,236173
Masih & Arash Ap,Be Hame Begoo,30351567,29498,Jan 1 2016,28,0.662,0.761,-4.023,0.198,0.281,0,0.583,0.479,120.018,201874
Alireza Talischi,Sakhtgir,30318277,29582,Jun 20 2019,34,0.636,0.87,-3.733,0.222,0.0887,0,0.215,0.886,105.052,197773
Mohsen Chavoshi,Bist Hezar Arezoo,30075816,38409,May 18 2017,39,0.673,0.821,-8.142,0.409,0.549,4.17E-05,0.302,0.781,187.368,190015
Hamed Homayoun,Chenin Konam Chenan Konam,30071679,34457,Dec 20 2016,34,0.867,0.837,-4.913,0.159,0.0127,0,0.402,0.806,124.988,211383
Hamid Sefat,Alo Khoda,30042059,41026,Mar 8 2015,41,0.709,0.82,-5.313,0.188,0.215,0,0.28,0.465,112.949,295053
Sahar,Ey Jan,29858402,34426,Jul 11 2017,27,0.791,0.838,-2.837,0.185,0.161,0,0.311,0.969,114.897,205036
Yas,Bad Shodam,29711513,59656,Mar 12 2015,34,0.608,0.639,-9.702,0.312,0.889,0.0151,0.117,0.436,93.563,334498
Shahab Tiam,Bi Hashiyeh,29688711,31145,May 27 2017,34,0.804,0.708,-5.293,0.0893,0.285,0,0.0859,0.592,130.02,213231
Behnam Bani,Ghorse Ghamar 2,29665797,26606,Feb 6 2020,39,0.701,0.911,-2.891,0.221,0.0471,0,0.262,0.889,123.993,177908
Shadmehr Aghili,Kooh,29312721,42880,Nov 20 2018,28,0.71,0.747,-5.314,0.0643,0.766,1.21E-06,0.181,0.653,135.993,231680
Arash,Tekoon Bede,29283864,30644,Nov 3 2014,32,0.85,0.72,-5.364,0.161,0.417,0,0.0861,0.921,120.091,159267
Moein,Tavalod (Andy),29248730,25084,Jan 27 2013,28,0.627,0.863,-4.505,0.0365,0.044,0,0.134,0.639,124.192,301613
Sahar,Lajbaz,29229237,30485,Mar 18 2019,27,0.874,0.863,-2.889,0.248,0.168,6.06E-06,0.0552,0.704,128.091,174133
Sirvan Khosravi,Soojehat Tekrarie,29219859,38070,Jun 29 2016,33,0.77,0.86,-5.49,0.0365,0.00473,8.62E-06,0.134,0.932,122.991,302733
Ebi,Delbar,29205134,22742,Jan 27 2013,27,0.491,0.888,-8.421,0.245,0.474,0,0.26,0.757,153.741,269547
Sami Beigi,Fada Sham,29165926,37473,Mar 25 2015,42,0.472,0.699,-5.821,0.138,0.438,0,0.0938,0.788,146.906,214831
Aron Afshar,Tabibe Maher,29165671,30937,Mar 2 2019,45,0.535,0.922,-3.479,0.382,0.146,0,0.119,0.689,172.603,205897
Sogand,Khodaya,29148540,43240,Sep 3 2018,36,0.781,0.528,-10.414,0.0581,0.485,5.31E-05,0.105,0.438,114.977,219155
Anita,Bargashtam,29137687,37045,Jan 23 2019,28,0.676,0.783,-3.65,0.0422,0.189,0,0.122,0.473,128.056,184295
Ali Yasini,Harjaye Shahr,29108816,29497,May 31 2019,33,0.679,0.65,-6.019,0.238,0.364,0,0.506,0.698,90.065,192014
Shadmehr Aghili,Bi Ehsas,28927057,39354,Apr 15 2020,47,0.656,0.804,-4.859,0.0797,0.438,0,0.189,0.658,116.915,192888
Behnam Bani,Faghat Boro,28922676,25470,Jun 13 2019,37,0.445,0.693,-5.346,0.162,0.731,0,0.0887,0.714,77.986,231672
Behnam Bani,Toyi Entekhabam,28847172,30748,Feb 2 2019,39,0.714,0.653,-4.157,0.164,0.573,0,0.275,0.89,90,181392
Behnam Bani,In Eshgheh,28735428,25432,Oct 31 2019,35,0.726,0.823,-3.71,0.205,0.043,0,0.93,0.962,111.102,198973
Hoorosh Band,Faseleh Na,28360697,33661,Aug 21 2017,32,0.756,0.857,-5.802,0.247,0.2,0,0.21,0.638,116.934,184621
Mohammad Alizadeh,Zendegi - Dj Momtaz Remix,28314503,35000,Mar 10 2018,11,0.605,0.866,-4.894,0.128,0.0348,0.000433,0.131,0.559,179.858,168021
TM Bax,Sansoor,28262663,30080,Apr 4 2016,35,0.862,0.736,-7.704,0.105,0.348,0.0296,0.0973,0.724,114.978,254041
Babak Jahanbakhsh,Ey Vaaay,28210575,28927,Jul 30 2018,38,0.647,0.864,-5.714,0.071,0.235,0,0.276,0.603,106.04,220801
Xaniar Khosravi,Bedoone To,28130847,46636,Jan 4 2013,30,0.605,0.536,-6.959,0.0352,0.324,1.98E-06,0.135,0.404,139.799,297170
Sogand,Romantic,27958167,33854,Feb 26 2020,41,0.806,0.892,-4.497,0.0601,0.416,0,0.241,0.886,111.964,190225
Babak Jahanbakhsh,Mano Negah Kon,27954805,34048,Jul 11 2012,40,0.68,0.892,-4.074,0.0414,0.341,0,0.314,0.626,100.049,209020
Amirabbas Golab,Bazam Raft,27914763,34903,Feb 15 2018,32,0.869,0.722,-5.73,0.241,0.467,0.000112,0.107,0.71,119.993,191000
Siavash Ghomayshi,Alaki,27886771,26553,Feb 4 2010,38,0.73,0.565,-8.767,0.0278,0.216,0,0.479,0.583,134.985,176107
Satin,Zibaye Mani,27854137,35926,Jul 23 2019,42,0.759,0.813,-5.511,0.0446,0.0147,0,0.171,0.731,107.032,183825
TM Bax,Kiki,27853080,27236,Oct 23 2019,43,0.861,0.784,-3.909,0.351,0.359,3.12E-06,0.0759,0.913,117.93,175543
Reza Bahram,Gole Eshgh,27633787,22891,Aug 13 2019,46,0.401,0.813,-3.49,0.329,0.721,0,0.112,0.51,154.455,217928
Ehaam,Taab o Tab,27610211,30343,Jun 16 2019,39,0.756,0.864,-4.523,0.289,0.434,0,0.358,0.693,114.925,208771
Shadmehr Aghili,Taghdir,27527864,34771,Jan 24 2013,44,0.59,0.638,-6.663,0.0393,0.595,0,0.0773,0.31,113.985,284746
Sepehr Khalse,"Siah Mese Barf (feat. Alireza JJ, Sijal & Behzad Leito)",27273886,35112,Jul 12 2014,32,0.686,0.778,-3.156,0.258,0.454,0,0.0995,0.588,158.023,270420
Shadmehr Aghili,Sarnevesht,27022249,41636,Oct 30 2017,27,0.499,0.509,-6.019,0.0371,0.764,0,0.2,0.232,127.723,240980
Sirvan Khosravi,Bargard,26991422,35585,Feb 26 2017,34,0.782,0.801,-5.426,0.0768,0.0978,0.00014,0.121,0.656,122.01,303204
Sami Beigi,Ey Joonam,26961661,41680,Mar 18 2012,48,0.507,0.845,-2.977,0.0763,0.314,1.34E-06,0.0903,0.64,104.947,210442
Sirvan Khosravi,Dorost Nemisham - Xaniar Remix,26946849,22972,May 30 2019,30,0.853,0.689,-6.89,0.0615,0.0125,0.00494,0.108,0.881,122.013,266317
Hayedeh,Shanehayat,26874341,20276,Jan 27 2013,27,0.247,0.238,-17.103,0.0595,0.912,0.00753,0.24,0.153,175.953,531123
Reza Bahram,Bimar,26629669,23671,Aug 22 2018,36,0.524,0.554,-4.204,0.0368,0.44,0,0.384,0.218,74.864,201661
Faramarz Aslani,Age Ye Rooz,26609294,30219,Aug 25 2011,44,0.472,0.317,-14.995,0.0388,0.835,0,0.131,0.715,87.5,240160
Farzad Farzin,Kharabesh Kardi,26361433,30402,Jan 29 2019,41,0.614,0.669,-6.409,0.0421,0.219,3.06E-05,0.371,0.389,102.974,244115
Shadmehr Aghili,Mitarsam,26329256,34488,Jul 25 2019,28,0.69,0.722,-6.591,0.0409,0.736,1.73E-05,0.0958,0.419,119.991,228702
Sasy,Behtarin Kado,26312505,25645,Dec 16 2016,36,0.737,0.774,-6.024,0.206,0.118,0,0.372,0.429,121.934,196780
Sirvan Khosravi,Doost Daram Zendegiro - Unplugged (Tehran 2015),26269618,41740,May 16 2013,28,0.687,0.77,-7.1,0.0309,0.15,4.47E-06,0.718,0.504,129.997,317049
Shadmehr Aghili,To Bi Man,26259758,38942,Dec 22 2017,39,0.689,0.763,-5.217,0.128,0.733,0,0.0984,0.434,93.087,230060
Epicure,Tekoon Bedeh,26163084,35824,Mar 29 2017,26,0.888,0.808,-7.739,0.241,0.212,1.13E-06,0.617,0.66,134.005,306287
Zedbazi,Nakoni Bavar,26091329,32157,Apr 24 2019,38,0.679,0.658,-9.772,0.145,0.783,2.68E-06,0.11,0.611,94.978,319164
Wantons,Doe Sob,26025541,30458,Apr 21 2017,34,0.682,0.789,-7.985,0.0914,0.195,6.03E-05,0.159,0.49,114.017,280059
Sogand,The Lom,25983072,40564,Oct 2 2014,37,0.854,0.624,-9.001,0.188,0.652,4.32E-05,0.344,0.59,104.985,215040
Ehaam,Cheshmanat Arezoost,25928961,34599,Jul 21 2018,37,0.731,0.767,-6.213,0.204,0.0474,0.00129,0.179,0.443,108.018,251820
Hoorosh Band,Leili Bi Eshgh,25877672,29305,Jan 19 2018,28,0.673,0.737,-7.536,0.0451,0.136,0,0.146,0.291,112.013,218241
Behnam Bani,Hanooz Dooset Daram,25680581,31069,Aug 19 2018,27,0.722,0.792,-3.666,0.0914,0.67,0,0.189,0.73,109.995,198609
Behnam Bani,Hame Donyam,25650717,29091,May 12 2017,22,0.75,0.788,-3.972,0.0491,0.72,0,0.429,0.958,103.012,214988
Eddie Attar,Delo Bede,25484799,24191,Aug 30 2018,33,0.823,0.835,-4.372,0.222,0.14,0,0.157,0.939,114.997,180768
Farzad Farokh,Havaye To (Dynatonic Remix),25447505,41092,Sep 14 2017,12,0.841,0.61,-8.039,0.261,0.527,0.000458,0.101,0.943,105.006,205767
poobon,Tigh,25381843,28419,Nov 29 2019,43,0.619,0.589,-8.368,0.112,0.25,2.26E-05,0.114,0.1,159.936,168648
Sasy,Noosh,25269816,28438,Mar 8 2017,29,0.757,0.882,-4.014,0.175,0.00932,0,0.394,0.581,125.978,190329
Shadmehr Aghili,Aghl O Eshgh,25080653,20855,Dec 9 2016,29,0.719,0.866,-3.984,0.0589,0.229,0,0.0611,0.56,130.016,218802
Shadmehr Aghili,Eteraf,25064369,24945,Feb 20 2018,26,0.515,0.624,-4.35,0.0338,0.808,0,0.0947,0.455,135.942,204173
Sirvan Khosravi,Tanha Nazar,25054158,31468,Jul 5 2019,44,0.705,0.72,-6.875,0.0349,0.0237,0.00012,0.671,0.69,110.989,235128
Sasy,Hame Bada,25053185,30868,Dec 13 2017,34,0.69,0.874,-4.359,0.393,0.0979,0,0.76,0.309,123.969,186907
Behnam Bani,Chi Begam,25013928,27271,Feb 3 2017,22,0.849,0.807,-4.268,0.125,0.326,0,0.269,0.961,119.958,215064
Masih,Golaro Ab Midam,24901869,25219,May 4 2015,21,0.731,0.839,-3.858,0.242,0.0275,0,0.18,0.636,127.992,224444
Amir Tataloo,Dari Be Chi Fekr Mikoni,24894029,27715,May 7 2016,31,0.784,0.691,-6.047,0.0403,0.195,0,0.124,0.655,127.473,207020
Tohi,Khodaya Mercy,24819104,38108,Jun 6 2017,34,0.599,0.806,-5.504,0.0964,0.204,0.00989,0.0948,0.546,191.93,221283
Tohi,Nazanin,24778403,25069,Aug 25 2019,38,0.718,0.908,-3.8,0.0568,0.181,2.60E-06,0.119,0.965,124.01,184355
Ali Zand Vakili,Lalaei,24736335,37742,Mar 10 2016,33,0.364,0.369,-8.641,0.0425,0.927,4.32E-06,0.146,0.431,169.738,250057
Ebi,Jane Javani,24655551,27338,Dec 21 2014,34,0.525,0.733,-4.214,0.111,0.833,3.72E-05,0.396,0.321,134.974,235733
Sina Shabankhani,Jadooye Khas,24643584,34893,Sep 18 2013,35,0.773,0.769,-4.875,0.074,0.372,0,0.144,0.513,128.01,232080
Hamed Homayoun,Divoonegi,24541710,24734,Jan 12 2017,24,0.899,0.706,-5.514,0.183,0.0438,6.14E-06,0.371,0.851,119.976,178416
Reza Bahram,Moo Be Moo,24479923,22200,Jan 26 2019,38,0.574,0.361,-6.042,0.0309,0.88,2.25E-06,0.108,0.276,140.039,240666
Amirabbas Golab,Banoo Jan,24466645,29692,Jun 23 2017,25,0.702,0.976,-4,0.0966,0.203,1.49E-05,0.103,0.787,120.014,176065
Behnam Bani,Sad Sal,24273248,29594,Apr 19 2018,32,0.66,0.878,-4.155,0.0671,0.783,0,0.384,0.858,150.062,188616
Behnam Bani,Vay Dele Bighararam,24214209,29834,Aug 31 2017,30,0.657,0.785,-3.791,0.115,0.662,0,0.858,0.942,149.952,146448
Sirvan Khosravi,Dorost Nemisham,24204161,29753,May 6 2019,39,0.709,0.569,-9.378,0.0524,0.0509,0.00396,0.0759,0.501,132.997,219376
Reza Bahram,Hich,24195882,22188,Aug 29 2019,33,0.547,0.384,-9.814,0.0489,0.619,0,0.261,0.368,153.722,217933
Macan Band,Delgiri,24028935,35943,Jul 17 2017,34,0.655,0.579,-10.545,0.053,0.752,3.22E-06,0.0699,0.696,155.984,177789
Mohsen Yeganeh,Bavar Konam,24026835,27871,Oct 21 2012,27,0.744,0.84,-5.097,0.0841,0.404,3.24E-06,0.0651,0.474,129.024,230896
Farzad Farzin,Mankan,23868123,23504,Aug 22 2019,41,0.407,0.681,-5.483,0.0572,0.238,0,0.0816,0.44,87.293,199368
Alireza Talischi,Ay Dele Khodam,23825744,27580,Sep 2 2017,22,0.713,0.846,-4.584,0.0527,0.662,0,0.167,0.689,139.254,175536
Zedbazi,Cigare Soorati,23738403,31009,Jun 2 2012,38,0.755,0.606,-8.894,0.0288,0.53,0.00296,0.11,0.674,119.964,360281
Jay Lei Sij,Too Moshtam,23451928,18852,Dec 13 2018,26,0.779,0.529,-9.508,0.147,0.123,0,0.083,0.278,97.974,249575
Alireza Jj,Ziadesh Khoobe - Arian Goleh Remix,23405933,29974,Dec 11 2017,38,0.766,0.844,-5.47,0.0615,0.0348,2.50E-06,0.0911,0.449,119.963,234057
TM Bax,Masalei Ni,23308889,27109,Mar 24 2018,48,0.792,0.528,-8.636,0.27,0.595,1.06E-05,0.222,0.88,125.072,255425
Hamid Hiraad,Rosvayi,23303124,24632,Aug 13 2017,25,0.619,0.683,-4.973,0.15,0.0496,0,0.383,0.443,150.004,183838
Donya,Tala,23299155,23958,Aug 7 2019,26,0.403,0.956,-4.198,0.464,0.136,0.000563,0.419,0.776,179.977,213030
poobon,Ghalbe Shishei,23218266,27971,Jan 28 2019,37,0.499,0.502,-10.789,0.0737,0.382,8.59E-06,0.155,0.213,76.014,175165
Amir Tataloo,Ba To,23199959,32151,Jun 26 2014,31,0.601,0.642,-5.505,0.0447,0.486,0,0.217,0.225,158.254,211931
Hojat Ashrafzadeh,Mah O Mahi,23195285,38085,Mar 3 2014,28,0.57,0.17,-15.899,0.032,0.942,2.95E-05,0.0894,0.254,97,287147
Mohsen Chavoshi,Be Rasme Yadegar,23144652,24259,Oct 3 2015,18,0.537,0.65,-7.141,0.0312,0.293,0,0.2,0.454,99.989,301897
Alireza Jj,Ziadesh Khoobe - Arian Goleh Remix,23122275,27303,Dec 31 2016,38,0.766,0.844,-5.47,0.0615,0.0348,2.50E-06,0.0911,0.449,119.963,234057
Sepehr Khalse,"Siah Mese Barf (feat. Alireza JJ, Sijal & Behzad Leito)",23094451,28845,Jun 2 2017,32,0.686,0.778,-3.156,0.258,0.454,0,0.0995,0.588,158.023,270420
Alireza Talischi,Ey Daad Bar Man,23061060,30921,May 1 2018,30,0.678,0.812,-4.101,0.05,0.541,0,0.312,0.821,90.023,184776
Masih,Goli,23048825,22014,Feb 14 2018,41,0.49,0.649,-6.652,0.155,0.557,0,0.131,0.33,177.092,194377
Mohammad Alizadeh,Bargardi Ey Kash,22974981,22914,Feb 27 2013,29,0.808,0.776,-6.202,0.0889,0.0987,1.35E-05,0.179,0.693,115.024,231026
Mohsen Yeganeh,Moohat,22951610,24562,Apr 10 2019,28,0.767,0.75,-5.791,0.194,0.167,0,0.0654,0.683,122.044,189879
Yas,Sarkoob,22927525,57521,Mar 20 2017,36,0.542,0.771,-6.14,0.452,0.635,0,0.0808,0.594,89.214,679498
Hamid Sefat,Ajayeb Shahr,22909256,32190,Nov 15 2018,35,0.577,0.871,-5.647,0.431,0.235,0,0.112,0.388,193.829,269767
Hoorosh Band,Mahe Delam,22841237,33777,Jun 28 2017,23,0.55,0.587,-5.901,0.0438,0.787,0,0.188,0.405,143.887,189611
Hamid Hiraad,Enferadi,22780715,30019,Feb 8 2018,33,0.344,0.618,-8.404,0.0545,0.311,4.76E-05,0.109,0.283,73.796,272053
Mazyar Fallahi,Akharin Nafas,22760435,34877,Oct 23 2012,21,0.764,0.6,-7.603,0.0298,0.12,6.71E-06,0.0843,0.497,118.009,218018
Amirabbas Golab,Sadas,22670160,32278,Sep 7 2017,33,0.707,0.734,-5.256,0.0746,0.243,0,0.257,0.558,114.024,215040
Jay Lei Sij,Too Moshtam,22640885,26050,Jul 17 2018,26,0.779,0.529,-9.508,0.147,0.123,0,0.083,0.278,97.974,249575
Sina Shabankhani,Cheshmaye Mast,22415994,24712,May 18 2015,28,0.866,0.815,-4.922,0.121,0.12,0.0215,0.503,0.691,120.006,260184
Hayedeh,Saghi,22293554,22243,Mar 12 2013,41,0.566,0.593,-9.736,0.0725,0.818,0,0.129,0.729,87.703,245000
Behzad Leito,Khoda Shokr,22207203,22164,Mar 13 2019,25,0.854,0.778,-4.231,0.261,0.154,0,0.0997,0.419,141.997,203939
Behzad Leito,Mese Khoete,22182141,28783,May 16 2017,27,0.647,0.597,-5.515,0.0446,0.251,0,0.103,0.341,140.098,212559
Aref,Boghze Darya,22177265,23368,Feb 16 2016,16,0.614,0.842,-6.085,0.0752,0.413,0.0108,0.0855,0.558,82.02,258325
Masoud Sadeghloo,Dorehami,22155212,25748,Jul 24 2016,31,0.516,0.506,-4.529,0.0502,0.801,0,0.189,0.94,87.944,109166
Ho3ein,12 Be Bad,22117480,19747,Sep 19 2015,39,0.895,0.842,-3.868,0.269,0.127,0,0.0263,0.655,110.02,235154
Macan Band,Ye Lahze Negam Kon,22003339,32929,Nov 7 2017,36,0.727,0.661,-5.936,0.0519,0.0803,1.67E-06,0.128,0.443,94.941,243110
Alishmas,Adat Kardam,21941120,34035,Jun 12 2016,40,0.728,0.851,-5.728,0.177,0.643,0.000242,0.243,0.958,94.92,240072
Puzzle Band,Deldade,21859230,26986,Nov 23 2017,32,0.603,0.72,-2.498,0.283,0.0238,0,0.147,0.822,100.042,195645
Shahab Mozaffari,Akse Ghadimi,21796797,24933,May 15 2017,16,0.674,0.644,-6.897,0.0855,0.641,0,0.303,0.427,105.07,218044
Sogand,Bilite Yektarafe,21785270,41870,May 4 2014,35,0.706,0.82,-5.397,0.0986,0.663,0,0.0996,0.627,106.582,242753
Morteza Pashaei,Jadeye Yektarafe,21764324,45890,Jun 22 2013,38,0.601,0.568,-7.55,0.0436,0.879,0,0.0814,0.779,81.945,225947
Hamid Hiraad,Mastam Kon,21730075,26611,May 13 2017,36,0.811,0.702,-5.904,0.0731,0.36,0.000278,0.385,0.607,135.018,239818
Mohammad Alizadeh,Bi Marefat,21621145,20536,Jan 14 2017,18,0.769,0.891,-5.369,0.0452,0.0542,0,0.199,0.963,120.035,204493
Moein Z,Ham Dast,21607732,32157,Aug 17 2017,30,0.656,0.826,-2.942,0.307,0.283,2.32E-05,0.188,0.915,191.767,204488
Amirhossein Eftekhari,Ey Yar,21559267,31406,Jul 28 2017,15,0.812,0.816,-2.803,0.076,0.293,0,0.34,0.844,127.976,203469
Alireza Talischi,Zendegi Joonam,21487948,25451,Mar 2 2019,24,0.771,0.882,-3.685,0.0575,0.115,0,0.118,0.76,105,217457
Kamran & Hooman,Mantegh Nadaram,21476034,24931,Feb 6 2017,39,0.89,0.58,-7.438,0.157,0.0655,2.95E-06,0.132,0.751,112.994,235773
Armin 2afm,Divoone,21456894,33318,Aug 31 2013,25,0.791,0.801,-4.681,0.113,0.0351,0,0.513,0.322,119.984,229224
Farzad Farzin,Roozhaye Tarik,21411830,30690,Nov 20 2017,35,0.676,0.783,-3.743,0.0403,0.324,0,0.0856,0.416,99.004,238158
Mohsen Yeganeh,Dooset Daram,21379974,23093,Oct 21 2012,44,0.799,0.829,-5.087,0.175,0.25,0,0.312,0.817,130.091,197773
Reza Sadeghi,Gamoonam,21178691,26062,Apr 14 2018,37,0.471,0.525,-6.807,0.0339,0.904,2.35E-06,0.0894,0.35,129.547,221611
Sasy,Vay Cheghad Mastam Man,21102263,21803,Mar 18 2013,42,0.926,0.543,-8.444,0.263,0.752,2.60E-06,0.0837,0.823,134.995,172632
Moein,Parandeh - Original Mix,21030184,23383,Mar 2 2013,42,0.704,0.571,-6.539,0.051,0.763,0,0.312,0.591,140.016,201433
Behnam Bani,Man Ye Divoonam,21029528,25552,Nov 3 2016,28,0.794,0.869,-4.451,0.163,0.105,1.45E-06,0.307,0.852,120.021,221544
Chaartaar,Baaraan Toee,20975313,34126,May 13 2012,33,0.511,0.609,-6.139,0.0517,0.637,0,0.352,0.295,120.023,229904
Homayoun Shajarian,The Cloud and the Rain (Abr Mibarad),20884299,27115,Mar 15 2017,35,0.32,0.28,-7.108,0.0323,0.957,6.44E-05,0.246,0.273,136.34,244123
Sahar,Do Nafare,20866285,20684,Jul 31 2019,25,0.806,0.727,-4.413,0.162,0.432,0,0.0622,0.517,112.038,210574
Jay Lei Sij,Ykc,20765945,26895,Sep 26 2018,27,0.851,0.609,-7.495,0.222,0.099,0,0.182,0.635,120,247172
Macan Band,Boro Daramet,20747143,23342,Jun 13 2018,20,0.578,0.647,-6.232,0.332,0.355,5.80E-06,0.0722,0.904,199.575,139377
Ashvan,Maghrour,20744632,25011,Dec 21 2018,31,0.631,0.719,-5.848,0.0455,0.742,0,0.864,0.323,117.962,251246
Roozbeh Nematollahi,Nafas Nafas,20713087,27838,Aug 21 2015,37,0.768,0.875,-3.782,0.0734,0.101,2.39E-05,0.0813,0.571,108.004,256040
Ehaam,Soltane Ghalbe Man,20680086,23736,Oct 7 2019,35,0.741,0.705,-6.714,0.081,0.115,0,0.169,0.541,122.028,253571
Hamid Hiraad,Yar,20667353,29233,Jan 20 2018,33,0.77,0.889,-0.798,0.277,0.019,0,0.333,0.795,127.109,172971
Zedbazi,Nakoni Bavar,20664029,27273,Oct 8 2014,38,0.679,0.658,-9.772,0.145,0.783,2.68E-06,0.11,0.611,94.978,319164
Sasy,Hali Hali,20605140,16682,Dec 16 2018,38,0.504,0.785,-4.131,0.245,0.0196,0,0.11,0.648,103.177,193150
Mohsen Yeganeh,Passing (Oboor),20556672,29110,Feb 22 2018,33,0.669,0.731,-6.859,0.0587,0.761,1.33E-06,0.0815,0.715,98.009,224157
Farzad Farzin,Atish,20525597,19794,Mar 15 2020,39,0.799,0.808,-4.059,0.104,0.0186,4.11E-06,0.291,0.836,112.976,203896
Aron Afshar,Khato Neshan,20493337,21772,Apr 13 2019,36,0.537,0.563,-4.166,0.0333,0.768,0,0.102,0.312,87.962,264751
Sami Beigi,HMG,20422625,36984,Aug 16 2013,38,0.867,0.676,-6.797,0.112,0.0552,8.44E-05,0.151,0.828,119.993,217078
Mohsen Chavoshi,Amire Bi Gazand,20416971,27746,Jun 5 2016,28,0.487,0.662,-7.05,0.113,0.313,0,0.0324,0.387,139.426,239647
poobon,Bia Halamo Khoob Kon,20367018,36881,Jan 2 2014,39,0.657,0.458,-9.671,0.211,0.675,5.61E-06,0.105,0.223,99.935,213630
Mohsen Yeganeh,Fekre To,20339978,27125,Aug 10 2018,21,0.616,0.589,-7.236,0.0319,0.669,1.07E-05,0.251,0.545,121.001,215282
Mohammad Alizadeh,To Beri Baroon (Ashcome Remix),20328001,29054,Nov 29 2017,10,0.743,0.759,-6.682,0.0597,0.154,2.56E-05,0.0892,0.502,126.008,205714
Dariush,Shame Mahtab,20323631,23323,Jan 27 2013,38,0.319,0.498,-8.318,0.0727,0.605,0.000118,0.12,0.42,93.532,322039
Behzad Leito,To Chi Baalaaei,20214454,29336,Nov 29 2017,30,0.765,0.668,-6.071,0.154,0.22,0,0.139,0.208,125.897,201536
Alishmas,Cheghadr Tanham,20106441,31614,Aug 8 2016,19,0.694,0.557,-6.971,0.119,0.151,0,0.193,0.527,129.937,213708
Donya,Jaye Hamegi Khali,20088135,18184,Mar 13 2019,22,0.621,0.781,-4.757,0.0905,0.263,1.00E-06,0.0876,0.548,103.788,195554
Shahab Mozaffari,Ma Bahalim,20031628,21547,Jul 4 2018,39,0.715,0.723,-5.502,0.0852,0.0883,0,0.371,0.814,147.007,191280
25band,Jane Janan,20019410,23686,Dec 19 2018,35,0.704,0.915,-3.82,0.14,0.232,1.20E-05,0.377,0.62,119.94,210050
Ashvan,Tanha Shodam,19957717,26908,Jun 17 2015,23,0.735,0.569,-5.07,0.0358,0.799,3.42E-05,0.116,0.651,128,255060
Behnam Bani,Mahe Asal,19841593,25208,May 17 2018,27,0.626,0.797,-5.516,0.0637,0.775,0,0.461,0.834,82.961,201936
Hayedeh,Shabeh Eshgh,19714276,18667,Mar 12 2013,37,0.66,0.607,-10.359,0.142,0.69,3.42E-05,0.385,0.681,135.61,308000
TM Bax,Meshki Lebas,19674245,24014,Jun 19 2017,37,0.774,0.671,-8.232,0.0592,0.438,1.29E-05,0.117,0.825,120.057,252030
Hoorosh Band,Delam Parishoone,19657671,19944,Apr 8 2019,28,0.701,0.722,-5.667,0.0734,0.03,0,0.467,0.59,119.979,250528
Mohammad Alizadeh,Brother - Baradar,19605653,25918,Jun 7 2016,20,0.365,0.661,-6.696,0.0492,0.44,0,0.0925,0.349,129.817,258522
Hayedeh,Asheghtarin,19547744,10721,Mar 12 2013,22,0.393,0.579,-8.12,0.0484,0.8,2.03E-06,0.26,0.709,90.25,383982
Fataneh,Namehraboon,19517541,19901,May 26 2013,36,0.823,0.402,-10.952,0.268,0.528,0,0.0807,0.495,124.689,336760
Mohsen Chavoshi,Delbar,19490358,24093,Apr 14 2018,32,0.828,0.803,-8.971,0.0873,0.106,1.50E-06,0.111,0.914,127.008,222407
Donya,Azizam,19408869,17429,Dec 16 2019,29,0.735,0.842,-5.147,0.116,0.33,0,0.101,0.584,121.996,191348
Zedbazi,Nakoni Bavar,19375440,30687,Feb 12 2018,38,0.679,0.658,-9.772,0.145,0.783,2.68E-06,0.11,0.611,94.978,319164
Siavash Ghomayshi,Khastegiya,19348411,28874,May 27 2016,37,0.702,0.687,-6.485,0.0338,0.643,0,0.167,0.511,124.922,225332
Shadmehr Aghili,Entekhab,19340553,22980,Aug 2 2012,35,0.65,0.418,-7.573,0.0325,0.716,4.60E-05,0.287,0.341,119.963,256693
Hamed Homayoun,Baroon Ke Zad,19296204,18317,Mar 3 2016,21,0.857,0.645,-6.205,0.111,0.0131,0,0.431,0.602,120.012,183066
Sepehr Khalse,Crusham Toei (Arian Goleh Remix),19232126,22005,May 4 2019,27,0.846,0.873,-4.766,0.123,0.139,0.0174,0.13,0.592,120.01,200099
Mohsen Yeganeh,Bade To,19223278,25746,Sep 18 2017,39,0.69,0.684,-5.602,0.0444,0.209,9.50E-06,0.0753,0.688,93.037,252970
Mohsen Yeganeh,Behet Ghol Midam - Live Version,19133502,22569,Dec 25 2016,39,0.633,0.73,-5.679,0.0293,0.571,1.18E-05,0.678,0.623,94.977,285545
Fariborz Lachini,Medad Rangi - Solo Piano - Ebi,19131810,18058,Feb 19 2013,6,0.445,0.0444,-20.439,0.0503,0.984,0.927,0.0922,0.145,178.901,236930
Mohammad Alizadeh,Eshgham In Rooza,19122861,21065,Mar 19 2016,30,0.695,0.763,-5.68,0.0388,0.176,1.50E-05,0.085,0.848,124.993,221840
Roozbeh Bemani,Koja Bayad Beram,19095508,38949,Jan 30 2017,27,0.656,0.557,-7.677,0.0293,0.877,6.27E-06,0.104,0.456,110.073,232269
Moein,Shomal,19008048,26759,May 21 2015,24,0.417,0.544,-4.043,0.0748,0.871,0,0.0745,0.557,155.225,210767
Morvarid,Man Ke Midoonam,18971713,16052,Feb 27 2019,22,0.753,0.794,-4.405,0.0805,0.309,0.000193,0.0807,0.83,115.022,198584
TM Bax,Rasmemoone,18949148,15225,Mar 13 2019,30,0.548,0.788,-2.906,0.117,0.207,2.22E-05,0.0843,0.775,113.747,231655
Hayedeh,Ey Zendegi Salam,18892035,10796,Mar 12 2013,25,0.712,0.602,-11.709,0.0423,0.604,0,0.158,0.799,106.239,429000
Masih,Negaranam,18872758,14153,Mar 16 2019,27,0.704,0.734,-5.145,0.0695,0.0607,0,0.35,0.607,115.987,191164
Alishmas,Adat Kardam,18839737,17281,Jul 10 2015,40,0.728,0.851,-5.728,0.177,0.643,0.000242,0.243,0.958,94.92,240072
Hoorosh Band,Ahay,18797484,18168,Mar 9 2019,25,0.695,0.732,-6.196,0.171,0.129,0,0.617,0.705,94.95,184478
Mehrad Hidden,Rock A Chock,18713795,23763,Aug 17 2019,41,0.673,0.801,-5.836,0.184,0.11,0,0.125,0.488,178.092,362000
Alishmas,Fogholadeh,18697835,16812,Feb 6 2016,17,0.762,0.825,-5.877,0.075,0.0475,0.000245,0.236,0.521,128.022,245664
Morteza Pashaei,Bia Bargard,18649231,27332,Sep 25 2012,22,0.853,0.813,-3.578,0.0633,0.0822,5.50E-05,0.251,0.736,129.992,266619
Ali Yasini,In Rooza,18576611,21729,Dec 23 2018,28,0.667,0.654,-5.18,0.0587,0.323,0,0.0874,0.643,108.022,211162
Amir Tataloo,Timar,18503873,19574,Dec 16 2016,25,0.821,0.75,-5.538,0.0669,0.0322,0,0.0865,0.661,121.981,236971
Googoosh,Hamsafar,18493400,15189,Feb 13 2013,30,0.449,0.461,-10.976,0.0367,0.634,0,0.296,0.415,134.385,267667
Wantons,Fada Saret,18469893,25065,Mar 21 2015,32,0.829,0.458,-10.294,0.115,0.306,0.00127,0.109,0.178,93.966,209386
Mohammad Alizadeh,Bargardi Ey Kash,18453735,19444,Nov 4 2019,29,0.808,0.776,-6.202,0.0889,0.0987,1.35E-05,0.179,0.693,115.024,231026
Sasy,Shans,18442096,18340,Mar 7 2015,21,0.77,0.909,-3.254,0.194,0.104,6.55E-06,0.366,0.644,125.996,184346
Donya,Por Hashiyeh,18401919,18748,Feb 7 2020,33,0.717,0.768,-4.639,0.138,0.0221,0,0.143,0.645,113.992,190172
Masoud Sadeghloo,Dorehami,18391257,21534,Oct 23 2016,31,0.516,0.506,-4.529,0.0502,0.801,0,0.189,0.94,87.944,109166
Ebi,Pooste Shir,18370631,17981,Feb 19 2013,35,0.285,0.445,-9.309,0.038,0.73,0,0.153,0.398,89.286,191773
Aron Afshar,Delshooreh,18362553,17854,May 18 2019,26,0.363,0.61,-4.456,0.0342,0.895,0,0.103,0.284,90.248,211737
Hoorosh Band,Ashegham Kardi,18310253,20813,Jul 7 2017,45,0.818,0.679,-5.528,0.11,0.189,0,0.257,0.828,101.961,182712
Amirabbas Golab,Eshghe To,18280133,21099,Jan 14 2016,17,0.61,0.455,-7.618,0.0461,0.725,0,0.0771,0.371,131.939,229277
Sirvan Khosravi,Khaterate To - Unplugged (Tehran 2015),18264837,32295,Nov 11 2014,27,0.528,0.613,-7.76,0.0309,0.504,4.30E-06,0.668,0.384,79.981,287714
Omid Hajili,Delbar,18216526,22604,Mar 12 2013,22,0.804,0.906,-4.412,0.116,0.274,0.00212,0.0493,0.891,130.096,184490
Macan Band,Ashegh Ke Mishi,18199394,23022,Apr 15 2018,17,0.818,0.724,-9.205,0.165,0.0154,0,0.05,0.435,119.99,200635
Mohsen Chavoshi,Shahrzad,18192618,22737,Dec 27 2015,19,0.544,0.659,-7.903,0.0384,0.447,3.20E-05,0.167,0.215,124.072,239830
Macan Band,Divooneh Bazi,18126272,18776,Aug 23 2017,25,0.582,0.687,-5.628,0.0449,0.814,0,0.318,0.762,90.99,157045
Asef Aria,Payatam Man,18117626,19375,Mar 21 2019,37,0.834,0.739,-5.384,0.207,0.0245,0,0.132,0.862,114.921,160218
Amir Tataloo,Maghze Dar Rafte,18089059,19295,Jul 20 2012,21,0.738,0.811,-3.474,0.266,0.174,0,0.0588,0.949,90.035,289385
Sami Beigi,Karet Nadaram,17985933,18341,Nov 28 2018,39,0.674,0.756,-5.171,0.0545,0.316,0,0.18,0.971,144.254,168847
Sogand,Sayeboon,17963856,25272,Aug 22 2019,32,0.644,0.748,-5.314,0.0594,0.188,0,0.2,0.178,115.015,248399
Hoorosh Band,Edame Midamet,17838381,17627,Jun 3 2019,21,0.702,0.803,-9.109,0.117,0.365,1.99E-06,0.0765,0.402,119.94,189924
Reza Bahram,Del,17804906,15710,Dec 8 2019,35,0.441,0.641,-3.97,0.0506,0.517,0,0.151,0.418,139.69,214793
Mohammad Alizadeh,Mahe Asal 96,17709679,25223,May 27 2017,11,0.427,0.602,-6.466,0.152,0.634,0,0.239,0.61,185.577,193581
Erfan,Haleh Man Khoobeh,17689022,25284,Mar 14 2018,31,0.757,0.735,-6.548,0.15,0.0865,0,0.22,0.293,98.049,254721
Ashvan,Behet Marizam,17610348,19463,Dec 6 2015,20,0.758,0.846,-5.067,0.0568,0.482,5.99E-05,0.154,0.734,119.992,266841
Hoorosh Band,Ye Eshtebah,17584609,26215,May 24 2018,23,0.764,0.656,-5.806,0.0362,0.375,0,0.265,0.628,109.033,189109
Sirvan Khosravi,Kheili Rooza Gozasht,17576458,30778,May 28 2017,36,0.601,0.792,-7.729,0.0427,0.405,0.00139,0.0869,0.466,102.982,303309
Sohrab Mj,Gangesh Balas,17575063,21506,Feb 3 2019,39,0.782,0.717,-5.749,0.255,0.096,0,0.0636,0.767,100.006,180048
Mohsen Yeganeh,DIRE,17574753,20256,Mar 14 2019,29,0.332,0.557,-8.422,0.0936,0.685,0,0.0997,0.413,180.321,233986
Eddie Attar,Delo Bede,17535192,18859,Aug 30 2018,33,0.823,0.835,-4.372,0.222,0.14,0,0.157,0.939,114.997,180768
Satin,Toonesti Eshgham,17438556,25321,Nov 2 2019,33,0.726,0.778,-4.223,0.0681,0.291,0,0.117,0.55,107.944,187534
Mohsen Yeganeh,Cheghadr Dir,17435700,11537,May 10 2015,21,0.64,0.636,-8.665,0.0488,0.621,3.79E-05,0.104,0.364,117.014,301846
Alishmas,Havase Asheghi,17312209,22267,Jun 19 2018,26,0.851,0.748,-4.97,0.103,0.0772,1.20E-06,0.195,0.712,123.991,167448
Shadmehr Aghili,Barandeh,17309681,20189,Feb 14 2020,34,0.635,0.676,-5.338,0.089,0.662,0,0.287,0.597,97.225,179461
Behzad Leito,Manoto,17256313,30786,Aug 24 2017,39,0.788,0.659,-10.567,0.167,0.237,0,0.0867,0.562,99.933,198374
Shahab Mozaffari,Ma Bahalim,17246784,17833,Jul 12 2018,39,0.715,0.723,-5.502,0.0852,0.0883,0,0.371,0.814,147.007,191280
Tohi,Ba Maram,17224913,17878,Mar 25 2016,23,0.646,0.859,-3.066,0.223,0.451,7.51E-06,0.131,0.946,77.766,193149
Farzad Farzin,Oghyanoos,17218283,20369,Feb 11 2017,31,0.387,0.616,-5.673,0.0542,0.758,6.60E-06,0.346,0.334,78.386,227762
Babak Jahanbakhsh,Az Khoshi Mimiram,17207820,15393,Dec 29 2019,31,0.713,0.848,-4.583,0.075,0.106,0,0.686,0.884,111.002,190316
Mehdi Ahmadvand,Age Baroon Bebare,17162052,16775,Mar 24 2017,21,0.785,0.692,-5.763,0.0428,0.02,0.00335,0.171,0.559,127.991,243110
Moein,Mardom,17157061,25805,Sep 24 2012,16,0.464,0.505,-4.793,0.0307,0.715,0,0.113,0.166,89.438,230993
Ebi,Harighe Sabz,17140251,15284,Feb 19 2013,34,0.796,0.956,-4.606,0.174,0.425,1.08E-06,0.225,0.873,104.103,229760
25band,Enghad Bekhand,17087054,20505,Dec 1 2016,24,0.723,0.824,-5.693,0.148,0.484,0,0.165,0.502,105.01,205741
Behnam Bani,Del Nakan,17078286,21431,Oct 26 2018,23,0.67,0.817,-3.053,0.0509,0.789,0,0.121,0.865,124.928,209328
Hoorosh Band,Che Hali Mishi,17073661,17686,Nov 12 2019,37,0.657,0.645,-6.412,0.13,0.235,0,0.1,0.369,111.074,189362
Armin 2AFM,Damesh Garm,17068642,19568,Nov 10 2015,22,0.597,0.713,-6.567,0.277,0.102,0,0.335,0.713,179.953,229721
Ebi,Khanom Gol,17064133,13864,Feb 19 2013,40,0.424,0.627,-10.46,0.051,0.174,1.60E-06,0.336,0.965,157.309,247133
Babak Jahanbakhsh,Divooneh Jan,17043109,22821,Jul 6 2017,23,0.652,0.839,-6.091,0.0374,0.369,0,0.208,0.547,98.002,203024
Ali Yasini,Mahe Ghashangam,17034986,17853,Dec 12 2019,27,0.701,0.923,-5.565,0.0503,0.0256,1.09E-06,0.046,0.809,119.993,199041
Farzad Farzin,Ye Khahesh,16991391,17150,Mar 5 2018,23,0.779,0.873,-4.054,0.0668,0.0904,8.11E-06,0.431,0.86,117.944,221715
Alishmas,Adat Kardam,16964414,17291,Jul 2 2019,40,0.728,0.851,-5.728,0.177,0.643,0.000242,0.243,0.958,94.92,240072
Shahab Tiam,Kheyli Fori,16945218,18706,Sep 11 2018,35,0.742,0.868,-4.104,0.218,0.261,0,0.108,0.904,129.976,215077
Farzad Farzin,Divooneh,16932045,22908,Aug 19 2017,19,0.635,0.664,-7.158,0.0429,0.245,1.88E-06,0.235,0.405,149.852,222617
Anita,Joorvajoor,16930880,16029,Jan 30 2020,29,0.78,0.868,-5.525,0.0939,0.226,0,0.347,0.938,110.045,181134
Hamed Homayoun,Ashegh Shodam Raft,16904346,21758,Aug 9 2017,30,0.805,0.821,-5.125,0.133,0.197,0,0.256,0.781,120.024,186567
Amirabbas Golab,Davaa,16872633,21634,Dec 31 2018,27,0.704,0.838,-4.288,0.177,0.435,2.52E-06,0.666,0.907,124.008,191988
Reza Bahram,Kojaee,16832420,15292,Sep 6 2018,30,0.667,0.614,-6.024,0.0672,0.211,0,0.123,0.375,124.033,213661
Shahab Mozaffari,Ghasam,16821337,18122,Aug 17 2017,20,0.602,0.719,-5.866,0.212,0.497,0.000455,0.103,0.577,180.005,247719
Mohsen Chavoshi,Sheydaei,16806050,22154,Jun 5 2016,37,0.731,0.851,-6.281,0.184,0.0971,1.13E-06,0.18,0.716,126.024,263967
Hoorosh Band,Avaz Kardi,16780416,20075,Jul 20 2018,20,0.788,0.841,-5.427,0.17,0.392,0,0.457,0.75,120.021,186032
Siavash Ghomayshi,Masir,16774895,18750,Dec 17 2015,15,0.554,0.669,-6.293,0.0364,0.45,0,0.0819,0.548,73.007,199471
Mehrad Hidden,Seyl,16774103,21858,Dec 17 2017,44,0.781,0.553,-7.21,0.189,0.0782,0,0.341,0.42,95.995,352500
Puzzle Band,Dametam Garm - Remix,16753425,22296,Nov 25 2018,23,0.719,0.81,-5.601,0.125,0.0569,1.80E-06,0.141,0.57,119.931,171064
Behnam Bani,Khabeto Didam,16752623,14313,Jan 1 2020,30,0.666,0.692,-4.847,0.0554,0.731,0,0.144,0.647,80.916,173415
Octave Rivière,Un rêve merveilleux,16741783,24030,Nov 5 2016,64,0.0951,0.00524,-37.806,0.0444,0.992,0.898,0.0703,0.0917,86.819,202000
poobon,Tigh,16712187,24149,Oct 25 2018,43,0.619,0.589,-8.368,0.112,0.25,2.26E-05,0.114,0.1,159.936,168648
Ali Zand Vakili,Shahre Hasood,16706663,22446,Aug 2 2018,38,0.401,0.525,-6.769,0.0331,0.794,2.28E-06,0.0943,0.415,106.287,255608
Moein,Paricheh,16682444,11518,Jan 24 2013,27,0.628,0.519,-12.052,0.0485,0.138,1.20E-05,0.226,0.923,145.98,276976
Mohammad Alizadeh,40 Darajeh,16672627,11547,Jan 14 2017,1,0.798,0.78,-6.286,0.0701,0.204,0,0.0648,0.825,105.977,210390
Farzad Farzin,Ey Kash,16669038,15638,Aug 7 2019,24,0.492,0.673,-4.949,0.0478,0.544,0,0.0721,0.232,149.734,250228
Sogand,Shekayat,16569329,33553,Dec 5 2018,36,0.621,0.344,-9.574,0.0472,0.712,0,0.062,0.423,115.048,253990
Shahab Mozaffari,Ay,16549314,18810,Dec 28 2015,17,0.51,0.516,-8.117,0.0337,0.511,3.92E-06,0.0727,0.213,140.928,372898
Alireza Jj,Pir Shodim Vali Bozorg Na,16527680,27368,Jul 28 2014,31,0.684,0.71,-6.722,0.0573,0.501,6.85E-06,0.138,0.494,120.074,440947
Amir Tataloo,Baghalam Kon,16518999,15638,Jan 20 2016,23,0.622,0.734,-6.376,0.105,0.667,5.96E-06,0.0961,0.664,159.921,271191
Ehaam,Jana,16509478,30261,Apr 28 2018,32,0.613,0.522,-6.97,0.0399,0.706,4.79E-06,0.0916,0.253,119.996,209842
Shadmehr Aghili,Ye Ghafas,16495304,16550,Feb 20 2018,30,0.721,0.834,-5.279,0.158,0.656,1.42E-06,0.132,0.708,124.99,234292
Moein,Hamdam,16487896,17532,Jan 3 2013,35,0.44,0.585,-3.993,0.0358,0.716,0,0.126,0.187,90.198,222494
Amin Bani,Nashod,16455468,26594,Jun 11 2018,34,0.473,0.364,-13.56,0.0447,0.632,0,0.136,0.241,153.139,301035
Sogand,Yadesh Bekheir,16436830,27422,Feb 22 2018,29,0.58,0.736,-6.788,0.112,0.383,4.04E-06,0.111,0.344,99.963,243802
Mohsen Yeganeh,Pa Be Paye To,16396133,23148,Mar 19 2017,36,0.81,0.87,-4.911,0.14,0.161,0,0.179,0.625,119.992,212062
Chaartaar,Ashoobam,16387455,27573,Feb 18 2014,31,0.628,0.838,-5.869,0.188,0.649,4.07E-05,0.431,0.24,119.993,289567
Sepehr Khalse,"Siah Mese Barf (feat. Alireza JJ, Sijal & Behzad Leito)",16379148,26178,Nov 21 2017,32,0.686,0.778,-3.156,0.258,0.454,0,0.0995,0.588,158.023,270420
Rossa,Masih,16344805,23390,May 20 2020,58,0.32,0.228,-9.5,0.0308,0.947,8.53E-05,0.141,0.373,88.563,212476
Gdaal,Sarnevesht,16331060,21184,Aug 27 2019,40,0.745,0.899,-3.869,0.0397,0.283,0,0.0908,0.648,117.023,255217
Puzzle Band,Donyam Shodi Raft - Live Version,16306026,18352,Jun 5 2019,19,0.557,0.92,-5.531,0.138,0.00897,0.00272,0.876,0.471,114.969,203233
Siavash Ghomayshi,To Baroon Keh Rafty,16304411,17727,Feb 7 2013,39,0.66,0.494,-7.788,0.0333,0.333,1.01E-06,0.101,0.315,77.996,234907
Wantons,Hanoozam,16292016,22951,May 23 2017,37,0.657,0.813,-6.324,0.0781,0.286,0,0.27,0.163,111.998,207910
Sirvan Khosravi,Be Hamin Zoodi (Replaced Too Soon),16267393,28883,Jul 31 2013,20,0.587,0.593,-8.409,0.0303,0.617,0.000406,0.157,0.326,130.965,285362
Masih,Leila,16258517,16890,Dec 11 2019,33,0.396,0.708,-6.557,0.106,0.435,0,0.21,0.243,167.497,195044
Wantons,Hanoozam,16257558,18310,Jan 21 2016,37,0.657,0.813,-6.324,0.0781,0.286,0,0.27,0.163,111.998,207910
Shahab Tiam,Maajara,16252874,15939,Jun 9 2019,30,0.836,0.797,-5.204,0.0585,0.0849,3.01E-06,0.0558,0.923,122.041,196229
Moein,Ashegh Ke Beshi,16244127,15145,Nov 19 2015,15,0.762,0.798,-4.345,0.0494,0.829,0,0.0962,0.879,146.964,199001
Zedbazi,Nakoni Bavar,16178692,22712,May 15 2013,38,0.679,0.658,-9.772,0.145,0.783,2.68E-06,0.11,0.611,94.978,319164
Shahab Mozaffari,Setayesh,16154156,18918,Sep 20 2019,37,0.466,0.534,-7.88,0.052,0.579,0,0.0907,0.386,129.632,204181
Morteza Pashaei,Ghalbam Roo Tekrare,16034174,27266,Aug 31 2014,39,0.762,0.793,-4.344,0.147,0.173,0,0.376,0.665,127.975,199001
Reza Bahram,Kash,16023631,12796,Aug 13 2019,42,0.444,0.898,-3.931,0.358,0.202,0,0.364,0.924,177.106,193280
Wantons,Boome Naghashi,16019819,20175,Nov 24 2018,35,0.781,0.618,-9.548,0.111,0.32,0,0.138,0.232,119.988,217469
TM Bax,Ni Copito,16012108,17752,Apr 10 2020,41,0.717,0.765,-3.269,0.345,0.563,0,0.273,0.963,180.167,195000
Zedbazi,Nakoni Bavar,15998398,20492,Apr 24 2018,38,0.679,0.658,-9.772,0.145,0.783,2.68E-06,0.11,0.611,94.978,319164
Reza Bahram,Lotf,15963622,15859,Jan 26 2020,34,0.348,0.751,-5.171,0.258,0.478,0,0.335,0.701,202.021,250693
Mohammad Alizadeh,Bimaram,15948294,17041,Jan 14 2017,19,0.621,0.582,-7.673,0.032,0.671,0,0.0978,0.402,101.879,274933
Babak Jahanbakhsh,Zibaye Bitab,15907537,21088,Mar 4 2019,25,0.47,0.629,-5.69,0.0396,0.724,0,0.108,0.381,135.83,281954
Morteza Pashaei,Hesse Jadid,15898989,17820,Aug 16 2015,17,0.784,0.777,-5.54,0.304,0.0351,2.57E-06,0.23,0.511,127.967,185025
Amirhossein Eftekhari,Marde Majnoon,15884449,30582,May 21 2017,33,0.637,0.857,-5.954,0.12,0.0945,0,0.424,0.548,120.018,223766
Hoorosh Band,Mesle Man Bash,15874223,23527,Nov 28 2017,36,0.618,0.572,-6.656,0.0983,0.528,0,0.0805,0.538,147.919,182700
Ebi,Nafas Nafas,15871517,24455,Dec 24 2017,36,0.68,0.826,-4.347,0.106,0.173,0.000128,0.184,0.326,120.027,217467
Babak Jahanbakhsh,Zendegi Edame Dare,15857305,20376,Jun 23 2019,30,0.612,0.752,-5.592,0.0379,0.824,0,0.0993,0.457,127.991,278950
Alishmas,Yadegaria,15837558,27440,Oct 29 2016,20,0.641,0.491,-8.581,0.221,0.626,0.00159,0.0969,0.572,128.079,266424
Mehdi Ahmadvand,Khalse,15812736,18755,Jan 24 2019,26,0.78,0.762,-8.38,0.0365,0.308,7.99E-05,0.112,0.565,103.947,235874
Amir Tataloo,Mr. Lodeh,15794705,20133,Feb 27 2016,43,0.778,0.822,-4.638,0.229,0.427,0,0.131,0.767,100.958,549048
Hoorosh Band,In Ghararemon Nabood,15775481,19486,Apr 4 2018,20,0.604,0.227,-11.379,0.0373,0.878,0,0.113,0.246,129.726,221629
Ashvan,Gharghe Gerye,15731188,17578,Jan 24 2020,26,0.559,0.599,-6.973,0.0636,0.634,0,0.229,0.513,121.612,296124
Morteza Pashaei,Nabze Ehsas,15651994,20569,Sep 25 2012,32,0.602,0.493,-6.377,0.0321,0.851,0,0.122,0.43,139.967,275500
Baran,100 Baar,15637562,21737,Oct 31 2013,30,0.908,0.841,-2.96,0.0575,0.0491,7.04E-06,0.124,0.816,130.014,222407
Chaartaar,Asemaan ham zamin mikhorad,15601852,19747,Aug 3 2015,18,0.595,0.523,-8.292,0.039,0.705,8.02E-06,0.383,0.356,149.978,230531
Googoosh,Baraaye Man,15508034,14913,Sep 6 2012,24,0.566,0.766,-5.436,0.0867,0.704,7.06E-06,0.191,0.841,130.057,211400
Zedbazi,Nakoni Bavar,15465275,18046,Aug 27 2015,38,0.679,0.658,-9.772,0.145,0.783,2.68E-06,0.11,0.611,94.978,319164
Amin Bani,Che Kardi,15446756,26621,May 22 2018,33,0.503,0.12,-16.114,0.0317,0.869,4.13E-06,0.119,0.138,73.31,220464
TM Bax,Motadetam,15383194,20442,Aug 17 2017,43,0.828,0.61,-9.007,0.166,0.511,0.0309,0.227,0.738,121.988,275461
Siavash Ghomayshi,Yadegari,15365703,13950,Jan 24 2013,37,0.645,0.495,-7.553,0.027,0.286,0.000278,0.526,0.228,129.979,269067
Ashvan,Moghaser,15357514,20025,Jul 9 2018,15,0.696,0.78,-5.842,0.164,0.487,0,0.0917,0.601,140.01,197224
Amirabbas Golab,Shahe Ghalbam,15354002,23315,Jun 28 2018,24,0.415,0.814,-3.031,0.175,0.756,0,0.147,0.492,106.614,205009
Masih,Mane,15318494,17137,Oct 24 2013,14,0.391,0.842,-6.227,0.119,0.553,0.0135,0.361,0.395,100.035,206759
poobon,Nananana!,15311292,16828,Jul 2 2018,30,0.451,0.521,-7.398,0.0752,0.588,0.000865,0.111,0.555,169.489,192262
Habib,Kharchanghaye Mordabi,15246143,20578,May 12 2013,34,0.426,0.658,-4.752,0.0307,0.376,0,0.149,0.382,137.609,309499
Sami Beigi,Ey Joonam,15231491,17246,Sep 1 2011,48,0.507,0.845,-2.977,0.0763,0.314,1.34E-06,0.0903,0.64,104.947,210442
Arta,Messe Avalash,15209216,19564,May 14 2019,36,0.624,0.624,-5.617,0.043,0.176,0,0.151,0.386,82.968,187991
Amir Tataloo,Bezar Too Hale Khodam Basham,15189336,27690,Jan 3 2014,21,0.776,0.793,-6.414,0.0456,0.286,0.0558,0.064,0.845,125.966,241946
Zedbazi,Nakoni Bavar,15091483,18134,Jun 27 2019,38,0.679,0.658,-9.772,0.145,0.783,2.68E-06,0.11,0.611,94.978,319164
Meysam Ebrahimi,Jono Delam,15059313,19164,Apr 28 2018,43,0.499,0.733,-5.923,0.197,0.259,0,0.208,0.772,141.968,192672
Mohsen Chavoshi,Divooneh,15041275,25690,May 16 2016,22,0.328,0.378,-9.68,0.0322,0.478,8.73E-05,0.0977,0.336,129.656,278178
Reza Sadeghi,Shahr Ashoob,15007403,15094,Aug 19 2019,34,0.678,0.762,-5.716,0.056,0.424,1.23E-06,0.231,0.787,114.827,181453
Hoorosh Band,Yade To Mioftam,14997337,17811,Feb 12 2017,22,0.473,0.576,-6.511,0.0403,0.587,0,0.23,0.274,79.799,220552
Tohi,Amazing,14983017,18537,Feb 5 2018,17,0.791,0.814,-4.499,0.0548,0.236,0.000139,0.114,0.904,109.944,211636
Shahab Mozaffari,Migan Ke Avaz Shodi,14957212,20708,Nov 8 2016,15,0.616,0.872,-6.349,0.166,0.45,1.36E-06,0.046,0.753,165.004,207334
Mehdi Jahani,Barf,14945678,14911,Jan 22 2014,14,0.564,0.505,-6.645,0.0319,0.539,2.66E-05,0.153,0.133,127.738,193296
poobon,Tigh,14900886,20072,Feb 29 2020,43,0.619,0.589,-8.368,0.112,0.25,2.26E-05,0.114,0.1,159.936,168648
Mohsen Chavoshi,Zendan,14842507,25204,Feb 26 2017,36,0.476,0.843,-5.803,0.277,0.196,0,0.489,0.656,120.181,232124
Shadmehr Aghili,Esmam Dare Yadam Mire,14833407,16447,Aug 2 2012,35,0.753,0.706,-7.353,0.0583,0.485,5.09E-05,0.0971,0.742,95.03,176680
Masih,Dast Be Yeki,14805450,15923,Apr 23 2020,30,0.69,0.539,-7.245,0.0656,0.504,0,0.0948,0.349,140.017,161686
Zedbazi,Nakoni Bavar,14775418,17309,Dec 27 2019,38,0.679,0.658,-9.772,0.145,0.783,2.68E-06,0.11,0.611,94.978,319164
Moein,Bi to Nemitoonam,14751420,12295,Mar 1 2016,13,0.69,0.656,-7.857,0.0968,0.0208,0,0.133,0.417,127.921,165773
Bozorg,Bitab,14731997,27699,Feb 27 2015,36,0.7,0.505,-9.769,0.0343,0.722,0,0.0993,0.161,113.01,273682
Masih,Khodeto Beresoon,14722270,16581,May 31 2015,18,0.61,0.789,-5.092,0.0527,0.146,0,0.385,0.412,149.986,256052
Alireza Talischi,Nafase Ki Budi To,14700601,16851,Jun 19 2017,14,0.77,0.829,-4.465,0.0603,0.304,0,0.0664,0.799,115.982,187320
Anita,Kafie Bekhaam,14698006,15441,Mar 13 2019,20,0.715,0.849,-3.971,0.0427,0.0418,1.43E-06,0.0836,0.917,109.981,188527
Mohammad Alizadeh,Gham-e Donyas,14675881,13764,Feb 27 2013,14,0.739,0.841,-5.331,0.0988,0.0646,4.22E-06,0.16,0.668,124.949,286147
Sasy,Ye Jure Digast,14663716,12968,Dec 16 2016,35,0.485,0.702,-5.348,0.226,0.299,0,0.115,0.709,153.122,175935
Reza Sadeghi,Ye Chizi Mishe Dige,14650944,16673,Mar 10 2020,39,0.595,0.544,-9.387,0.0332,0.729,0,0.0729,0.462,129.035,163776
Ali Yasini,Parvaz,14648548,18440,Aug 9 2019,26,0.546,0.704,-5.916,0.274,0.441,0,0.124,0.39,78.014,201601
Ebi,Ghalb Ghaap,14642623,10705,Aug 8 2019,33,0.636,0.801,-6.783,0.242,0.238,0,0.376,0.439,100.021,197432
Ehaam,Vay Az In Halam,14632888,18781,Feb 17 2019,24,0.789,0.611,-7.092,0.228,0.384,0,0.0829,0.379,116.021,208614
Macan Band,Pisham Bekhand,14592013,23999,Feb 17 2018,28,0.715,0.826,-6.342,0.109,0.414,2.26E-06,0.274,0.767,105.089,192458
Macan Band,Ye Asre Khoob,14586063,17433,Nov 17 2018,25,0.743,0.646,-7.272,0.334,0.101,0,0.59,0.893,96.142,168791
Babak Jahanbakhsh,Sheydaei,14570439,19436,Dec 20 2018,26,0.633,0.817,-4.683,0.113,0.742,0,0.235,0.719,87.954,241229
Shadmehr Aghili,Edame Midamet,14559470,16926,Dec 9 2016,29,0.602,0.811,-4.586,0.0419,0.564,0,0.444,0.707,154.044,208980
Arash,Melody,14508379,16517,Aug 1 2011,29,0.72,0.84,-6.25,0.0278,0.0161,0.000133,0.106,0.944,128.004,192467
Hamed Homayoun,Hakeme Ehsas,14465129,20802,Mar 12 2017,28,0.802,0.796,-4.288,0.126,0.0824,0,0.449,0.69,126.002,179541
Zedbazi,Saat Vayse,14443962,21275,Jul 25 2012,25,0.692,0.73,-10.008,0.0374,0.586,2.27E-05,0.0798,0.781,126.036,312737
Googoosh,Eshgh,14442118,18774,Feb 13 2015,35,0.842,0.542,-8.173,0.0501,0.535,0,0.124,0.625,119.997,297720
Wantons,Pas Man Chi,14437849,18996,Feb 14 2016,35,0.823,0.44,-11.056,0.0958,0.49,1.26E-06,0.11,0.471,97.984,274352
poobon,Tigh,14432390,17781,Jan 16 2020,43,0.619,0.589,-8.368,0.112,0.25,2.26E-05,0.114,0.1,159.936,168648
Alireza Talischi,Bam Nabood Kasi,14414209,14303,Oct 13 2019,21,0.682,0.849,-3.877,0.0643,0.716,0,0.089,0.897,93.982,186541
Babak Mafi,Havaasam Nist,14403802,21978,Jun 1 2018,25,0.796,0.54,-5.586,0.029,0.44,3.37E-06,0.11,0.681,104.999,209986
Sina Shabankhani,Tabe Cheshmat,14403230,15349,Sep 15 2015,15,0.829,0.777,-4.65,0.0748,0.108,1.22E-05,0.568,0.902,122.036,220395
Seven Band,Donyaye Bade To,14373341,20642,Apr 18 2017,17,0.401,0.623,-7.176,0.0463,0.578,7.88E-05,0.113,0.29,146.019,271622
Behnam Bani,Tavagho Nadaram,14366760,20168,Oct 29 2017,24,0.614,0.649,-4.583,0.0621,0.839,0,0.217,0.436,62.986,210144
Behzad Leito,Too in Shahr,14349241,16846,Oct 4 2019,27,0.612,0.642,-4.445,0.039,0.417,0,0.0993,0.0625,80.043,182545
Mohsen Yeganeh,Akhe Dele Man,14337854,14812,May 7 2013,29,0.62,0.784,-7.462,0.0512,0.772,0,0.0951,0.781,176.058,267163
Eddie Attar,Khodet Chi,14336358,13562,Jul 11 2019,22,0.833,0.732,-4.724,0.111,0.212,0,0.0571,0.919,122.986,189807
Ho3ein,12 Be Bad,14321127,18917,Dec 21 2019,39,0.895,0.842,-3.868,0.269,0.127,0,0.0263,0.655,110.02,235154
Mehrad Hidden,Seyl,14318853,15961,Aug 26 2015,44,0.781,0.553,-7.21,0.189,0.0782,0,0.341,0.42,95.995,352500
Fariborz Lachini,Adat - Solo Piano - Shadmehr Aghili,14307414,16386,Feb 4 2016,9,0.634,0.0458,-21.106,0.0569,0.994,0.902,0.129,0.184,134.037,258183
Aron Afshar,Kojaei,14297697,12265,Dec 8 2019,34,0.669,0.881,-3.195,0.116,0.658,0,0.292,0.636,109.05,220512
Farzad Farzin,Bi Enteha,14282418,15429,Feb 17 2020,35,0.385,0.519,-5.88,0.0442,0.784,0,0.182,0.316,83.986,195580
Eddie Attar,Mano Doost Dari,14258071,14156,Mar 13 2019,24,0.638,0.851,-4.434,0.264,0.261,8.07E-06,0.641,0.637,95.967,183433
Koorosh,Yebaram Man,14254196,14825,Jun 4 2019,37,0.707,0.495,-9.132,0.0876,0.483,6.54E-06,0.112,0.207,89.974,325382
Epicure,Balatar,14247440,13541,Mar 13 2019,15,0.771,0.847,-4.071,0.0902,0.0892,2.56E-05,0.0612,0.971,103.006,200804
Arash,Ba Man Soot Bezan,14246649,13726,Nov 3 2014,22,0.714,0.891,-5.214,0.04,0.078,3.38E-06,0.0696,0.782,128.018,211053
Xaniar Khosravi,Age Mimoondi,14205892,22468,Feb 7 2017,12,0.67,0.559,-9.918,0.0335,0.645,0.000123,0.0731,0.615,124.907,254067
Amirabbas Golab,Delkhoshi,14131633,22095,Jun 5 2016,16,0.333,0.564,-6.441,0.0421,0.645,0,0.0914,0.234,122.653,250697
Behzad Leito,Doostam Hastan,14120584,20930,Oct 10 2014,22,0.635,0.723,-6.454,0.243,0.704,0,0.118,0.704,160.02,247353
Hamed Homayoun,Aah Nakesh,13990265,9058,May 7 2016,17,0.544,0.494,-8.751,0.0599,0.796,3.56E-05,0.322,0.392,167.94,213447
Amirhossein Eftekhari,Nimeye Penhan,13947928,18885,Jun 1 2019,19,0.692,0.644,-6.001,0.0438,0.544,0,0.141,0.473,108.07,196677
Masih,Damet Garm,13943471,14539,Nov 5 2019,23,0.697,0.859,-5.509,0.299,0.206,0,0.0746,0.167,108.915,164377
Morteza Pashaei,Asre Paeizi,13936631,24277,Jan 18 2014,30,0.644,0.637,-7.174,0.0778,0.851,0,0.118,0.669,75.981,182688
7th Band,Ey Dad,13922123,17283,Aug 25 2018,20,0.761,0.785,-6.096,0.238,0.347,2.23E-06,0.0517,0.658,100.013,218534
Puzzle Band,Kar Dadi Dastam,13917373,20780,Aug 27 2017,21,0.623,0.812,-2.774,0.0925,0.218,0,0.0661,0.682,157.457,178338
Tik Taak,Shol Tekoon,13883375,19179,May 3 2017,31,0.936,0.58,-4.886,0.148,0.131,0,0.11,0.809,105.03,246909
Amin Rostami,Eshgh Jan,13875040,17825,Jul 17 2018,36,0.789,0.697,-7.85,0.165,0.128,2.13E-05,0.364,0.968,120.001,189100
Donya,Nemidoonam Nemidoonam,13829902,13603,Dec 27 2018,23,0.621,0.883,-3.557,0.0746,0.0171,0.00217,0.093,0.867,182.959,188030
Mohsen Yeganeh,Khodkhah,13799208,16631,Apr 2 2020,41,0.676,0.667,-6.117,0.0297,0.216,0,0.149,0.522,119.999,252000
Moein Z,Rozaye Rafte,13779586,22589,Nov 13 2017,25,0.534,0.823,-3.581,0.266,0.578,0,0.173,0.625,179.79,240040
Ali Zand Vakili,Roosari Abi,13772405,16354,Jan 25 2019,28,0.698,0.717,-1.817,0.146,0.441,0,0.249,0.639,84.86,219965
Shayea,Telo,13705889,20535,Feb 3 2019,38,0.66,0.613,-7.521,0.0435,0.296,0,0.117,0.0339,119.913,187221
Ali N. Askin,Mara Beboos,13702094,20870,Oct 1 2019,22,0.363,0.185,-7.648,0.0315,0.925,0,0.11,0.223,104.148,173324
Moein,Khooneye Arezoo,13659374,18793,Dec 7 2018,22,0.408,0.546,-5.496,0.0578,0.892,0,0.114,0.445,168.039,213365
Hamid Hiraad,Shab Ke Shod,13655935,14621,Sep 9 2017,22,0.879,0.911,-2.035,0.192,0.0972,0.00273,0.069,0.771,123.984,204213
Hoorosh Band,Mara Divane Kardi,13560216,19267,Oct 15 2018,20,0.629,0.542,-5.322,0.0359,0.711,0,0.205,0.382,82.467,189565
Hamed Homayoun,Asheghaneh,13558968,16263,Aug 20 2017,22,0.72,0.714,-5.607,0.0508,0.652,0,0.196,0.872,109.953,168312
Ashvan,Man Adame Royaye To Nistam,13556439,21597,Mar 4 2017,25,0.698,0.795,-6.544,0.0693,0.576,0.00205,0.352,0.693,115.015,238225
Erfan,Mano Natarsoon,13545492,17398,Oct 4 2012,34,0.775,0.748,-6.428,0.202,0.378,0,0.369,0.459,105.018,232360
Behzad Leito,Nagoo Mese Oonaam,13538188,17063,Nov 25 2016,32,0.723,0.552,-7.82,0.106,0.425,0,0.0957,0.576,140.011,227005
Amirhossein Eftekhari,Moo Parishan,13521723,11974,Aug 12 2019,24,0.785,0.935,-2.62,0.147,0.41,0,0.112,0.859,119.862,185758
Amir Khalvat,Baraye,13511497,19115,Apr 29 2012,31,0.862,0.792,-4.378,0.101,0.298,0,0.059,0.671,90.056,172762
Hamid Hiraad,Ashegh,13508418,15490,Aug 13 2018,24,0.707,0.775,-3.862,0.0496,0.0272,0,0.368,0.491,139.495,216774
Ahllam,In Del Shode Havaei,13497467,13836,Apr 15 2019,22,0.805,0.873,-1.046,0.0599,0.664,0,0.112,0.963,112.935,182280
Sepehr Khalse,"Siah Mese Barf (feat. Alireza JJ, Sijal & Behzad Leito)",13497153,13756,Sep 23 2016,32,0.686,0.778,-3.156,0.258,0.454,0,0.0995,0.588,158.023,270420
Armin 2afm,Beza Play She Musicam - Let'S Play My Music,13437901,19526,Jul 16 2016,17,0.766,0.83,-4.602,0.103,0.0217,0.00548,0.368,0.383,123.01,207256
Macan Band,Shik,13416508,14478,Aug 23 2017,22,0.77,0.716,-5.287,0.144,0.125,8.06E-05,0.0888,0.374,119.975,180301
Hamed Homayoun,Che Eshghi,13405637,10723,Jan 12 2017,20,0.67,0.65,-7.473,0.104,0.13,0,0.255,0.464,104.017,185304
Puzzle Band,Be Saram Zade,13388303,17227,Feb 24 2017,19,0.642,0.781,-5.134,0.0373,0.304,0,0.152,0.584,91.994,263576
Wantons,Age Payeyi,13372738,11092,Mar 13 2019,17,0.686,0.854,-4.461,0.453,0.47,1.45E-06,0.529,0.556,119.215,206734
Shadmehr Aghili,Sedam Bezan,13369669,16274,Feb 20 2018,31,0.609,0.565,-6.241,0.0448,0.853,0,0.107,0.514,89.871,204905
Babak Jahanbakhsh,Sedaye Eshgh,13313678,19490,Mar 1 2015,14,0.597,0.843,-4.634,0.0771,0.612,0,0.0961,0.526,98.152,238878
Hamed Homayoun,Khoda Hamin Havalie,13297931,16250,Oct 31 2016,22,0.834,0.705,-6.397,0.0515,0.0935,0,0.356,0.618,119.988,151824
Eddie Attar,Jadidan,13275659,9643,Aug 30 2018,18,0.839,0.727,-5.896,0.0659,0.0449,0.0292,0.117,0.949,123.985,189624
Masih & Arash Ap,Riz Pichid,13234187,12692,Aug 26 2015,24,0.651,0.824,-4.651,0.182,0.123,0,0.32,0.537,119.918,217313
Hamid Sefat,Too Deli,13208006,15282,Mar 21 2020,39,0.74,0.948,-3.542,0.0839,0.137,0.0711,0.0786,0.845,100.005,199848
Ali Yasini,Esme To Chi Dare,13165945,14467,Nov 6 2019,33,0.682,0.666,-7.148,0.0949,0.403,0,0.219,0.539,93.005,163279
Ebi,Hezaro Yek Shab,13150944,12640,Feb 20 2013,34,0.549,0.524,-12.766,0.042,0.111,0,0.389,0.568,125.137,264176
Moein,Tannaz,13149392,10246,Jan 24 2013,24,0.79,0.564,-8.9,0.0437,0.496,1.16E-05,0.0351,0.922,149.72,272000
Sogand,Ayne Ayne,13127831,16675,Nov 7 2019,25,0.747,0.529,-6.636,0.141,0.729,2.62E-06,0.109,0.202,144.936,219456
Dariush,Donyaye In Roozaye Man,13127545,15855,Jan 24 2013,36,0.573,0.457,-8.435,0.0304,0.818,0.000851,0.152,0.254,126.011,284266
Ehsan Khajehamiri,Yekio Daram,13094650,16001,Jul 8 2019,26,0.725,0.9,-5.108,0.274,0.297,0,0.134,0.822,109.996,169679
Shayea,Tangi Nafas,13089561,20817,Mar 9 2018,33,0.478,0.391,-9.831,0.173,0.576,0,0.094,0.195,97.569,266685
Koorosh,Yebaram Man,13089380,12840,Apr 4 2019,37,0.707,0.495,-9.132,0.0876,0.483,6.54E-06,0.112,0.207,89.974,325382
Mehdi Ahmadvand,Naro,13079252,18139,Nov 18 2018,24,0.618,0.703,-5.84,0.0448,0.729,0,0.0878,0.585,172.235,245656
Hamed Homayoun,Parseh,13059031,13646,Nov 20 2018,27,0.813,0.893,-3.281,0.24,0.21,0,0.283,0.822,114.017,144215
Dariush,Parastesh,13031499,21474,May 2 2015,19,0.431,0.448,-7.171,0.0286,0.809,3.37E-05,0.0987,0.389,95.248,242800
Puzzle Band,Dastan - Remix,13028880,18860,Jun 1 2018,13,0.7,0.867,-4.195,0.0853,0.27,0.000812,0.0743,0.615,104.043,198519
Shadmehr Aghili,Noghte Zaaf,13004728,17478,Feb 20 2018,25,0.592,0.849,-4.298,0.0468,0.573,0,0.106,0.344,127.955,238759
Sirvan Khosravi,Tajob Nakon,13004271,21020,Feb 13 2017,24,0.604,0.578,-9.354,0.0457,0.627,0.00312,0.121,0.767,165.915,282568
Mehrad Hidden,Seyl,12994031,26997,Jan 12 2017,44,0.781,0.553,-7.21,0.189,0.0782,0,0.341,0.42,95.995,352500
Macan Band,Nakhoda,12993731,12154,Oct 20 2019,22,0.556,0.779,-4.297,0.216,0.597,0,0.135,0.409,155.986,248101
Reza Sadeghi,To Ke Hassasi,12978609,25195,Aug 10 2017,39,0.47,0.851,-3.934,0.245,0.267,0,0.153,0.725,141.947,207856
Hamid Hiraad,Faramoosh Kon,12954342,14641,Jun 7 2017,29,0.604,0.841,-3.221,0.129,0.315,0.000175,0.095,0.632,90.009,282723
Jay Lei Sij,Too Moshtam,12914129,16723,Dec 13 2018,26,0.779,0.529,-9.508,0.147,0.123,0,0.083,0.278,97.974,249575
Ebi,Geryeh Nakon,12872236,11649,Feb 20 2013,30,0.693,0.551,-10.762,0.0385,0.269,0,0.0963,0.332,120.129,284552
Hamid Hiraad,Hel Heleh,12863761,15793,Jul 10 2018,22,0.709,0.954,-2.325,0.105,0.0212,0,0.787,0.466,121.076,208264
Octave,2 Saal,12858909,12914,Aug 17 2019,32,0.701,0.831,-4.28,0.0648,0.254,1.25E-05,0.109,0.769,98.002,236983
Moein,Be to Madyoonam,12848907,17796,Mar 15 2014,24,0.534,0.828,-3.17,0.169,0.791,0,0.188,0.633,157.401,193143
Hayedeh,Nagoo Nemiyam,12815683,11149,Mar 12 2013,35,0.683,0.615,-9.037,0.0751,0.581,1.09E-05,0.12,0.84,158.935,388000
Edvin,Beshmar 3,12797959,12289,Jan 2 2019,17,0.703,0.716,-6.249,0.0484,0.0191,0.000535,0.0846,0.514,127.976,180037
Ehaam,Boghz,12763508,21079,Aug 22 2017,23,0.601,0.446,-9.143,0.0323,0.774,0,0.103,0.313,80.01,316083
Hoorosh Band,Tarkam Nakonia,12755734,15385,Nov 29 2018,23,0.755,0.308,-11.805,0.0425,0.519,3.42E-05,0.0848,0.406,89.932,204709
Hoorosh Band,Khastam,12744689,16654,Aug 12 2018,23,0.68,0.613,-6.312,0.0691,0.64,0,0.216,0.5,110.001,200221
Dariush,Cheshme Man (Live),12724708,14683,Feb 1 2013,13,0.32,0.395,-12.526,0.0518,0.839,0.000306,0.951,0.273,71.966,338496
Reza Sadeghi,Nafas,12691683,18012,Mar 1 2018,26,0.693,0.793,-6.712,0.0527,0.529,0,0.0666,0.459,124.033,205206
Yas,Esalat,12668382,21911,Feb 3 2019,33,0.747,0.479,-9.472,0.417,0.815,0,0.0926,0.552,87.93,330006
Amirhossein Eftekhari,Ziba Negara,12661302,16632,May 13 2018,24,0.853,0.659,-5.559,0.0692,0.0255,5.27E-05,0.103,0.609,120.044,172801
Ebi,Jahaan Bedoone To,12646103,10616,Aug 8 2019,34,0.512,0.643,-6.662,0.0733,0.705,1.08E-05,0.142,0.289,119.945,243444
Macan Band,Baroon,12645392,12425,Jan 8 2017,17,0.793,0.844,-5.595,0.0732,0.0354,0.000186,0.0905,0.292,119.976,243829
Hamed Homayoun,Heyhaat,12638207,16587,Oct 2 2016,21,0.764,0.652,-5.906,0.128,0.419,0,0.0767,0.602,109.91,181420
Hamed Homayoun,Nimeye Man,12590364,17734,Nov 28 2017,28,0.799,0.882,-4.285,0.0597,0.114,0,0.328,0.617,127.978,178125
Mohsen Yeganeh,Sokoot (Mehran Abbasi Remix),12529745,16953,Aug 12 2010,31,0.801,0.893,-3.524,0.0747,0.0124,9.00E-05,0.313,0.571,131.993,291003
Farzad Farokh,Havaye To (Dynatonic Remix),12522246,13683,Nov 8 2017,12,0.841,0.61,-8.039,0.261,0.527,0.000458,0.101,0.943,105.006,205767
Sami Beigi,To Khoobi,12512376,19210,Sep 9 2016,26,0.735,0.818,-4.486,0.0495,0.579,0,0.208,0.962,145.991,212075
Ehaam,Negar,12486606,22771,Oct 13 2018,27,0.335,0.469,-8.266,0.0563,0.779,0,0.154,0.225,160.433,198400
Evan Band,To Ke Maroufi,12480545,13307,Jan 18 2019,39,0.645,0.658,-5.774,0.0354,0.505,0,0.0954,0.367,119.937,235363
Alireza Jj,Ziadesh Khoobe - Arian Goleh Remix,12456853,14320,Sep 23 2016,38,0.766,0.844,-5.47,0.0615,0.0348,2.50E-06,0.0911,0.449,119.963,234057
Reza Sadeghi,Hale Baroon,12447429,10719,May 23 2017,23,0.555,0.635,-6.82,0.0588,0.693,6.17E-06,0.143,0.732,94.875,220160
Jay Lei Sij,Too Moshtam,12442198,13719,Dec 13 2018,26,0.779,0.529,-9.508,0.147,0.123,0,0.083,0.278,97.974,249575
Mohsen Yeganeh,Nemishe,12374182,14102,Oct 21 2012,16,0.52,0.845,-5.853,0.11,0.371,0,0.233,0.49,168.091,274233
Arman Garshasbi,Shab,12293052,19164,Sep 17 2017,31,0.526,0.614,-7.064,0.0503,0.627,0,0.133,0.137,116.022,254138
Ali Yasini,Age Be Man Bood,12287067,14223,Mar 5 2018,19,0.53,0.597,-7.172,0.439,0.387,0,0.174,0.551,185.948,187782
Farzad Farzin,Ayandeh,12255016,11314,Aug 24 2019,35,0.387,0.528,-6.202,0.0436,0.492,0,0.0988,0.268,159.714,220292
Moein,Jane Man,12214067,13913,Aug 3 2017,25,0.812,0.842,-4.634,0.0778,0.528,0,0.48,0.774,113.348,201707
Nikita,Ba to Behtare,12213579,18222,Oct 28 2017,13,0.701,0.8,-5.184,0.161,0.111,0.000122,0.0894,0.582,104.817,193934
Mohsen Yeganeh,Donbalesh Miram,12206747,12416,May 10 2015,22,0.669,0.85,-6.2,0.316,0.101,0,0.143,0.504,129.055,226627
Siavash Ghomayshi,Baghe Baroon Zadeh,12182570,10257,Feb 7 2013,26,0.571,0.422,-11.828,0.0369,0.0109,0.00503,0.137,0.215,182.815,354333
Behzad Leito,Bemoghash,12164644,17613,Aug 14 2017,22,0.786,0.447,-9.315,0.317,0.0546,0.00136,0.0911,0.366,161.987,225255
Armin 2afm,Divoone,12137520,21252,May 7 2015,25,0.791,0.801,-4.681,0.113,0.0351,0,0.513,0.322,119.984,229224
Hayedeh,Afsaneyeh Hasti,12130350,7905,Mar 12 2013,26,0.577,0.467,-9.671,0.0684,0.847,0,0.124,0.632,86.747,357693
Masih,Montazer Nabash,12127950,9685,Mar 16 2019,24,0.474,0.51,-6.514,0.0535,0.77,0,0.0913,0.655,76.771,213708
Anita,Eshtebah,12123151,18339,May 18 2019,19,0.572,0.589,-5.326,0.0343,0.37,0,0.122,0.422,149.804,241634
Reza Bahram,Shabhaye Bad Az To,12065315,10616,Jun 28 2019,37,0.722,0.697,-4.418,0.0393,0.473,0,0.0932,0.331,113.04,199172
Sasy,Eshghe Khodam,12046472,11381,Feb 7 2018,26,0.619,0.829,-6.107,0.337,0.0198,2.31E-06,0.399,0.527,122.842,186881
Armin 2AFM,Aroom Yavash,12033815,12983,Jul 24 2015,15,0.509,0.656,-6.957,0.359,0.476,0,0.323,0.705,93.237,230687
Moein,Halgheh Tala,12027101,9529,Jan 24 2013,19,0.715,0.874,-4.088,0.0503,0.669,0.000553,0.124,0.937,110.383,320960
Amir Tataloo,Be Man Che Han,12024029,10424,Nov 2 2015,23,0.742,0.816,-5.749,0.239,0.228,0,0.255,0.663,137.914,222003
Tohi,Roya,12022344,17117,Jan 26 2015,23,0.831,0.847,-5.452,0.0389,0.321,0.245,0.222,0.66,120.041,232000
Shadmehr Aghili,Esmam Dare Yadam Mire,12013203,12744,Aug 2 2012,35,0.753,0.706,-7.353,0.0583,0.485,5.09E-05,0.0971,0.742,95.03,176680
TM Bax,Lozoomi Nadare,12000986,16065,Jan 1 2018,24,0.825,0.669,-7.307,0.223,0.195,4.19E-06,0.0802,0.878,124.949,232047
Amin Rostami,Bi Hava,11996637,14493,Dec 8 2012,21,0.745,0.746,-4.705,0.0382,0.433,0,0.355,0.627,119.995,205467
Mohammadreza Golzar,Koja Beram,11984963,17037,Jul 6 2016,21,0.563,0.7,-3.994,0.0504,0.379,0,0.377,0.432,136.023,233247
TM Bax,Fake,11964892,17376,Sep 11 2016,34,0.733,0.704,-7.016,0.123,0.604,0.000624,0.0866,0.738,119.763,248034
Shadmehr Aghili,Tasvir,11932363,17140,Feb 20 2018,34,0.68,0.631,-6.655,0.0657,0.773,0,0.108,0.534,123.971,223321
Hamid Sefat,Ghafas,11914991,21148,Dec 6 2017,26,0.548,0.743,-5.125,0.0547,0.649,0,0.388,0.518,139.992,330894
Fereydoun Asraei,Eshgh Yani,11898756,18971,Dec 30 2014,20,0.66,0.873,-5.749,0.0701,0.029,1.15E-06,0.138,0.411,129.996,233012
Hooman,Mikhamet,11890078,12357,Nov 15 2018,22,0.48,0.644,-7.169,0.288,0.147,0,0.34,0.668,199.445,199200
Googoosh,AJAB JAEI,11869491,15613,May 3 2018,22,0.463,0.567,-7.329,0.18,0.66,0,0.183,0.443,76.391,248946
Mohsen Yeganeh,Sokoot (Mehran Abbasi Remix),11841039,10986,May 24 2012,31,0.801,0.893,-3.524,0.0747,0.0124,9.00E-05,0.313,0.571,131.993,291003
Shahab Mozaffari,Tanhaye Tanha,11812520,12028,Dec 4 2019,36,0.673,0.526,-7.718,0.0369,0.62,4.92E-06,0.0878,0.471,109.979,253193
Baran,Lanat,11810169,19033,Jan 29 2018,36,0.353,0.688,-3.263,0.074,0.715,0,0.187,0.435,185.73,229355
Alishmas,Hese Khoob,11809106,18260,Jul 16 2018,36,0.785,0.836,-5.448,0.0474,0.133,0.000308,0.095,0.463,120.011,214032
Mohammadreza Golzar,Chetori Divooneh,11803518,20486,Jan 15 2017,20,0.755,0.908,-6.174,0.0887,0.0539,0,0.136,0.671,116.059,196023
Ebi,Khali,11785295,17493,Feb 20 2013,40,0.317,0.587,-7.864,0.0412,0.447,0,0.178,0.463,184.959,304040
Dariush,Shabeh Akhar (Alternate Arrangement),11755619,21521,Apr 7 2015,19,0.628,0.439,-7.779,0.0282,0.782,2.74E-05,0.123,0.527,104.233,294061
Babak Jahanbakhsh,Man Hastam,11751099,20173,Aug 20 2018,23,0.619,0.622,-6.29,0.051,0.858,0,0.109,0.362,111.047,242143
Donya,Az in Shahr Boro 2,11750848,16345,Apr 19 2018,20,0.667,0.912,-2.867,0.258,0.121,0,0.22,0.553,118.102,230610
Donya,Hasooda,11734355,12573,Dec 27 2018,22,0.678,0.946,-3.946,0.0749,0.0286,0,0.379,0.646,149.929,177581
Siavash Ghomayshi,Mohabat - Original Mix,11698586,25895,Sep 22 2014,17,0.615,0.511,-7.609,0.0443,0.706,0,0.137,0.456,134.106,235207
Meysam Ebrahimi,Aroosak,11644262,11703,Dec 13 2018,40,0.725,0.61,-7.054,0.0913,0.0975,1.44E-06,0.229,0.888,146.925,181944
Siavash Ghomayshi,Bi To,11637649,9193,Jan 24 2013,24,0.428,0.232,-10.742,0.0328,0.928,3.98E-06,0.123,0.287,128.024,195747
Shadmehr Aghili,Halam Avaz Mishe,11595369,13132,Aug 2 2012,33,0.693,0.574,-6.255,0.0827,0.318,6.50E-05,0.351,0.534,135.978,318040
Ali Yasini,Bargard,11594783,13189,Feb 24 2019,24,0.938,0.487,-11.981,0.139,0.192,0,0.103,0.523,111.016,200060
Alishmas,Adat Kardam,11578921,11763,Nov 12 2015,40,0.728,0.851,-5.728,0.177,0.643,0.000242,0.243,0.958,94.92,240072
Ho3ein,12 Be Bad,11559896,17938,Mar 9 2018,39,0.895,0.842,-3.868,0.269,0.127,0,0.0263,0.655,110.02,235154
Alireza Jj,Ziadesh Khoobe - Arian Goleh Remix,11555648,21889,Apr 2 2014,38,0.766,0.844,-5.47,0.0615,0.0348,2.50E-06,0.0911,0.449,119.963,234057
Babak Jahanbakhsh,Paryzad,11547902,16276,Dec 21 2017,34,0.434,0.845,-5.263,0.249,0.63,0,0.329,0.701,108.932,201523
Behzad Leito,Miaam Bala Saret,11547790,17317,Oct 31 2017,24,0.749,0.446,-6.762,0.118,0.0292,0,0.0818,0.238,79.026,231315
Saaren,Kari Kardi,11542485,13131,Aug 18 2019,25,0.857,0.812,-3.728,0.156,0.457,0,0.0792,0.961,112.002,214728
Googoosh,Makhloogh,11514696,20306,Feb 13 2013,23,0.564,0.509,-11.426,0.232,0.608,0,0.0901,0.694,101.425,232067
Saaren,Par Par,11505122,12175,Jul 14 2018,19,0.499,0.855,-3.11,0.267,0.472,0,0.349,0.814,165.152,162143
Dariush,Yavare Hamishe Momen (Live),11503626,12844,Feb 1 2013,23,0.363,0.264,-17.326,0.0355,0.289,0.00199,0.725,0.271,121.671,313340
Mohammad Alizadeh,Joz To,11503472,13026,Apr 8 2013,26,0.671,0.919,-5.694,0.0332,0.0649,1.02E-05,0.097,0.834,116.009,253320
Anita,To Ke Nisti,11502538,15038,Nov 13 2019,23,0.596,0.795,-4.547,0.043,0.547,0,0.207,0.776,80.022,240197
Andy,Dokhtaré Bandar,11487185,6039,Jan 27 2013,15,0.353,0.935,-3.763,0.0691,0.0604,0.000142,0.357,0.788,181.792,322933
Sina Shabankhani,Range Sal,11437511,14525,Aug 16 2018,26,0.625,0.836,-5.079,0.135,0.428,0,0.141,0.748,99.851,196847
Ehaam,Khoda Negahdar,11431899,15167,Apr 9 2019,21,0.642,0.426,-8.447,0.031,0.672,0,0.0861,0.351,117.917,200621
Siamak Abbasi,Khoshbakhtit Arezoome,11424289,17586,Jan 1 2011,19,0.476,0.26,-8.477,0.0482,0.815,0,0.109,0.2,120.68,246021
Hojat Ashrafzadeh,Asheghe Toam,11407513,12746,Dec 22 2018,12,0.468,0.671,-4.488,0.0473,0.693,0,0.116,0.429,147.865,206028
Sirvan Khosravi,Inja Jaye Moondan Nist,11384104,20539,Nov 28 2017,29,0.351,0.43,-9.966,0.0449,0.447,0.000665,0.184,0.117,78.473,275070
Alireza Jj,Skal (feat. Sohrab MJ),11376428,14591,May 21 2019,21,0.74,0.72,-3.471,0.0792,0.0587,0,0.23,0.222,145.988,243384
Sogand,Chikaret Kardam,11371388,13558,Mar 26 2018,20,0.766,0.717,-7.444,0.253,0.115,3.38E-05,0.333,0.603,119.992,194039
Moein,Del Shekasteh,11337056,6873,Jan 24 2013,14,0.794,0.504,-13.004,0.0904,0.0964,0.0004,0.304,0.853,106.874,346462
Hamed Homayoun,Eshghe Naab,11325836,17491,May 27 2017,24,0.83,0.912,-3.599,0.123,0.0478,0,0.376,0.865,122.004,181055
TM Bax,Ki Mige,11318990,12077,Jun 10 2018,22,0.823,0.511,-8.517,0.115,0.685,1.31E-05,0.0978,0.581,123.93,278728
Puzzle Band,Hasti,11282910,16323,Jan 25 2018,17,0.756,0.737,-2.59,0.188,0.0828,1.74E-06,0.186,0.698,111.999,179330
Koorosh,Yebaram Man,11276521,8482,Jun 4 2019,37,0.707,0.495,-9.132,0.0876,0.483,6.54E-06,0.112,0.207,89.974,325382
Morteza Pashaei,Esmesh Eshghe,11273521,12929,Aug 16 2015,25,0.275,0.536,-7.987,0.109,0.429,0,0.103,0.305,74.9,207557
Sina Shabankhani,Man Bi To,11267017,12956,Dec 18 2015,15,0.805,0.838,-4.37,0.247,0.102,0,0.0766,0.901,119.969,255552
Masih,Divooneh Kon,11266884,12790,Oct 3 2016,14,0.748,0.594,-6.134,0.0537,0.0112,0.000132,0.0609,0.1,120.011,238081
Morvarid,Oonam Eshghe,11253649,8536,Feb 20 2019,14,0.742,0.851,-4.329,0.303,0.281,0,0.186,0.752,119.961,222538
Hamed Homayoun,Donyaye Man,11247957,13822,Dec 4 2016,18,0.785,0.768,-4.788,0.0813,0.0195,0,0.259,0.37,125.041,203520
Leila Forouhar,Vadeh,11232719,9186,May 8 2013,19,0.591,0.768,-12.487,0.115,0.118,0,0.135,0.729,120.13,284800
Amirhossein Eftekhari,Labkhande To,11216278,14771,Dec 18 2018,22,0.594,0.881,-4.081,0.381,0.155,7.62E-06,0.0557,0.662,180.11,178287
Reza Sadeghi,Vaysa Donya,11214796,12141,Apr 12 2013,37,0.683,0.694,-11.946,0.0466,0.0579,0.00254,0.127,0.541,136.01,284387
Ebi,Habs,11210970,9159,Dec 21 2014,27,0.377,0.499,-6.599,0.0294,0.734,8.61E-05,0.0609,0.378,75.733,326320
Ebi,Atreh Toh,11204881,9179,Feb 20 2013,38,0.606,0.499,-12.176,0.0515,0.437,1.52E-06,0.114,0.707,143.931,287817
Ehaam,Darya,11199154,17822,Aug 27 2018,23,0.778,0.746,-6.345,0.195,0.0336,0,0.139,0.65,113.989,236408
Hamed Homayoun,Majnoun,11197675,14064,Dec 14 2016,13,0.486,0.583,-5.964,0.109,0.619,0,0.24,0.537,139.629,223634
Sahar,Heif,11185646,15602,Jul 3 2019,18,0.529,0.649,-5.511,0.0588,0.531,7.66E-06,0.0572,0.704,75.027,220840
Alishmas,Adat Kardam,11167633,11642,Nov 12 2015,40,0.728,0.851,-5.728,0.177,0.643,0.000242,0.243,0.958,94.92,240072
Alishmas,Adat Kardam,11165226,10118,Aug 20 2019,40,0.728,0.851,-5.728,0.177,0.643,0.000242,0.243,0.958,94.92,240072
poobon,Bia Halamo Khoob Kon,11154652,18286,Sep 7 2018,39,0.657,0.458,-9.671,0.211,0.675,5.61E-06,0.105,0.223,99.935,213630
Jay Lei Sij,Zendegi Sagi,11144433,17174,Jun 29 2018,16,0.72,0.712,-3.371,0.186,0.0625,0,0.202,0.37,136.042,267390
Shadmehr Aghili,Forsat,11127232,11095,Feb 20 2018,24,0.645,0.817,-6.282,0.0708,0.477,1.88E-05,0.312,0.467,129.998,224000