0	13	True
0	21	True
0	31	True
0	42	True
0	186	True
0	240	True
0	281	True
0	311	True
0	399	True
0	422	True
0	445	True
0	487	True
0	488	True
0	498	True
0	524	True
0	557	True
0	571	True
0	580	True
0	583	True
0	584	True
0	605	True
0	642	True
0	643	True
0	653	True
0	712	True
0	713	True
0	720	True
0	737	True
0	738	True
0	790	True
0	803	True
0	806	True
0	817	True
0	822	True
0	827	True
0	880	True
0	883	True
0	905	True
0	906	True
0	950	True
0	997	True
0	1010	True
0	1028	True
0	1053	True
0	1054	True
0	1073	True
0	1135	True
0	1144	True
0	1173	True
0	1175	True
0	1196	True
0	1199	True
0	1200	True
0	1212	True
0	1217	True
0	1250	True
0	1255	True
0	1287	True
0	1290	True
0	1298	True
0	1304	True
0	1305	True
0	1314	True
0	1317	True
0	1321	True
0	1329	True
0	1341	True
0	1344	True
0	1348	True
0	1349	True
0	1350	True
0	1366	True
0	1393	True
0	1434	True
0	1460	True
0	1469	True
0	1498	True
0	1502	True
0	1503	True
0	1509	True
0	1530	True
0	1553	True
0	1556	True
0	1557	True
0	1558	True
0	1559	True
0	1560	True
0	1562	True
0	1563	True
0	1564	True
0	1570	True
0	1571	True
0	1574	True
0	1586	True
0	1589	True
0	1602	True
0	1610	True
0	1612	True
0	1617	True
0	1619	True
0	1625	True
0	1632	True
0	1637	True
0	1638	True
0	1639	True
0	1654	True
0	1689	True
0	1690	True
0	1691	True
0	1692	True
0	1696	True
0	1746	True
0	1748	True
0	1752	True
0	1754	True
0	1811	True
0	1835	True
0	1861	True
0	1862	True
0	1909	True
0	1940	True
0	1943	True
0	2059	True
0	2117	True
0	2122	True
0	2131	True
0	2143	True
0	2195	True
0	2229	True
0	2233	True
0	2248	True
0	2292	True
0	2301	True
0	2324	True
0	2336	True
0	2340	True
0	2342	True
0	2346	True
0	2353	True
0	2366	True
0	2368	True
0	2374	True
0	2378	True
0	2380	True
0	2396	True
0	2401	True
0	2402	True
0	2426	True
0	2427	True
0	2433	True
0	2469	True
0	2479	True
0	2492	True
0	2524	True
0	2525	True
0	2570	True
0	2572	True
0	2606	True
0	2610	True
0	2639	True
0	2655	True
0	2657	True
0	2666	True
0	2681	True
0	2695	True
0	2702	True
1	950	True
1	2057	True
1	2149	True
2	4	True
2	5	True
2	9	True
2	113	True
2	116	True
2	118	True
2	126	True
2	167	True
2	172	True
2	368	True
2	414	True
2	421	True
2	424	True
2	427	True
2	432	True
2	434	True
2	525	True
2	541	True
2	650	True
2	667	True
2	705	True
2	846	True
2	977	True
2	1033	True
2	1178	True
2	1185	True
2	1398	True
2	1851	True
2	1901	True
2	1933	True
2	1973	True
2	1993	True
2	1994	True
2	2002	True
2	2032	True
2	2090	True
2	2137	True
2	2203	True
2	2209	True
2	2212	True
2	2244	True
2	2317	True
3	116	True
3	122	True
3	301	True
3	413	True
3	420	True
3	427	True
3	432	True
3	477	True
3	478	True
3	525	True
3	541	True
3	774	True
3	1077	True
3	1169	True
3	1211	True
3	1398	True
3	2065	True
4	334	True
4	541	True
4	846	True
4	2137	True
5	262	True
5	541	True
5	1400	True
7	514	True
7	2206	True
8	598	True
8	1237	True
8	2544	True
9	1322	True
10	666	True
11	12	True
11	837	True
11	1915	True
11	2112	True
12	837	True
12	1915	True
12	2005	True
13	111	True
13	121	True
13	123	True
13	207	True
13	240	True
13	301	True
13	326	True
13	350	True
13	431	True
13	502	True
13	524	True
13	706	True
13	830	True
13	940	True
13	1020	True
13	1109	True
13	1127	True
13	1321	True
13	1361	True
13	1362	True
13	1391	True
13	1640	True
13	1901	True
13	1965	True
13	2095	True
13	2117	True
13	2127	True
14	15	True
14	494	True
14	1942	True
14	1971	True
14	2145	True
14	2561	True
14	2583	True
15	104	True
15	106	True
15	238	True
15	243	True
15	246	True
15	420	True
15	457	True
15	494	True
15	508	True
15	563	True
15	602	True
15	668	True
15	727	True
15	860	True
15	1004	True
15	1107	True
15	1247	True
15	1278	True
15	1395	True
15	1396	True
15	1477	True
15	1567	True
15	1695	True
15	1785	True
15	1795	True
15	1851	True
15	1952	True
15	1971	True
15	1978	True
15	2055	True
15	2080	True
15	2136	True
15	2181	True
15	2219	True
15	2257	True
15	2276	True
15	2319	True
15	2384	True
15	2545	True
15	2583	True
15	2595	True
16	42	True
16	57	True
16	80	True
16	531	True
16	1001	True
16	1214	True
16	2016	True
16	2099	True
17	80	True
17	332	True
17	418	True
18	17	True
18	80	True
18	332	True
18	418	True
18	1001	True
19	80	True
19	844	True
19	2624	True
20	22	True
20	1920	True
20	1970	True
20	2403	True
20	2682	True
21	22	True
21	2018	True
22	2682	True
23	22	True
23	2018	True
23	2079	True
24	183	True
24	1457	True
24	2706	True
25	902	True
25	1060	True
25	1916	True
25	1993	True
26	109	True
26	560	True
26	658	True
26	1916	True
26	1944	True
27	151	True
27	152	True
27	312	True
27	339	True
27	393	True
27	453	True
27	454	True
27	639	True
27	711	True
27	824	True
27	825	True
27	854	True
27	881	True
27	936	True
27	1099	True
27	1179	True
27	1298	True
27	1338	True
27	1480	True
27	1512	True
27	1527	True
27	1529	True
27	1598	True
27	1693	True
27	1922	True
27	2041	True
27	2260	True
27	2293	True
27	2343	True
27	2385	True
27	2544	True
27	2547	True
28	162	True
28	164	True
28	358	True
28	369	True
28	370	True
28	371	True
28	389	True
28	544	True
28	608	True
28	739	True
28	786	True
28	814	True
28	820	True
28	841	True
28	852	True
28	972	True
28	1047	True
28	1097	True
28	1109	True
28	1128	True
28	1156	True
28	1159	True
28	1160	True
28	1268	True
28	1389	True
28	1395	True
28	1397	True
28	1477	True
28	1529	True
28	1544	True
28	1669	True
28	1758	True
28	1761	True
28	1859	True
28	1875	True
28	1889	True
28	1890	True
28	1892	True
28	1893	True
28	1894	True
28	1895	True
28	1908	True
28	1917	True
28	1966	True
28	1996	True
28	2040	True
28	2078	True
28	2089	True
28	2135	True
28	2138	True
28	2145	True
28	2147	True
28	2153	True
28	2177	True
28	2182	True
28	2198	True
28	2222	True
28	2246	True
28	2258	True
28	2357	True
28	2391	True
28	2416	True
28	2485	True
28	2490	True
28	2491	True
28	2516	True
28	2518	True
28	2545	True
28	2548	True
28	2562	True
28	2563	True
28	2591	True
28	2621	True
28	2693	True
30	92	True
30	262	True
30	1203	True
30	1449	True
30	1514	True
30	1517	True
30	1921	True
30	1991	True
30	2046	True
30	2096	True
30	2134	True
30	2158	True
30	2191	True
30	2227	True
30	2250	True
30	2673	True
31	32	True
31	542	True
31	571	True
31	737	True
31	817	True
31	1083	True
31	1570	True
31	1753	True
31	1811	True
31	1943	True
31	2469	True
31	2525	True
31	2532	True
31	2570	True
31	2639	True
32	542	True
33	620	True
33	1831	True
33	2161	True
33	2176	True
33	2541	True
34	504	True
35	2150	True
36	2049	True
36	2065	True
37	61	True
37	998	True
38	59	True
39	37	True
39	61	True
39	2024	True
39	2099	True
40	37	True
40	2647	True
40	2659	True
40	2660	True
41	42	True
41	930	True
41	2075	True
41	2301	True
42	35	True
42	810	True
42	891	True
42	1316	True
42	2099	True
42	2211	True
42	2642	True
42	2645	True
43	60	True
43	530	True
43	760	True
43	807	True
43	891	True
43	1127	True
43	1214	True
43	1374	True
43	2624	True
43	2660	True
44	74	True
44	158	True
44	612	True
44	1003	True
44	1090	True
44	1918	True
44	2050	True
44	2062	True
44	2063	True
45	141	True
45	534	True
45	1918	True
45	2281	True
45	2476	True
46	202	True
46	549	True
46	766	True
46	1089	True
46	2022	True
46	2132	True
46	2412	True
47	151	True
47	152	True
47	312	True
47	373	True
47	393	True
47	612	True
47	613	True
47	614	True
47	615	True
47	702	True
47	755	True
47	1034	True
47	1036	True
47	1078	True
47	1224	True
47	1592	True
47	1598	True
47	1599	True
47	1906	True
47	1911	True
47	2000	True
47	2020	True
47	2050	True
47	2076	True
47	2151	True
47	2200	True
47	2227	True
47	2252	True
47	2330	True
47	2651	True
48	90	True
48	109	True
48	442	True
48	670	True
48	710	True
48	899	True
48	918	True
48	1119	True
48	1135	True
48	1198	True
48	1384	True
48	1406	True
48	1946	True
48	2174	True
48	2186	True
48	2217	True
48	2235	True
48	2590	True
49	398	True
49	638	True
49	1198	True
49	1221	True
49	1492	True
49	1961	True
49	2008	True
49	2039	True
49	2077	True
49	2186	True
49	2273	True
49	2294	True
49	2590	True
50	884	True
50	1253	True
50	1265	True
50	1335	True
50	1442	True
50	1579	True
50	1813	True
50	1815	True
50	1816	True
50	1843	True
50	2162	True
50	2421	True
50	2425	True
50	2481	True
50	2517	True
50	2554	True
50	2584	True
51	2232	True
52	50	True
52	567	True
52	884	True
52	1209	True
52	1253	True
52	1267	True
52	1442	True
52	1576	True
52	1577	True
52	1578	True
52	1579	True
52	1591	True
52	1677	True
52	1680	True
52	1815	True
52	1816	True
52	1843	True
52	1854	True
52	1980	True
52	2119	True
52	2162	True
52	2280	True
52	2421	True
52	2425	True
52	2481	True
52	2507	True
52	2517	True
52	2518	True
53	55	True
53	1399	True
53	2042	True
53	2245	True
54	53	True
54	55	True
54	102	True
54	106	True
54	885	True
54	1107	True
54	1301	True
54	1399	True
54	1495	True
54	2040	True
54	2042	True
54	2119	True
54	2140	True
54	2205	True
54	2257	True
54	2286	True
54	2519	True
55	53	True
55	885	True
55	1301	True
55	1399	True
55	2140	True
56	233	True
56	751	True
56	1444	True
56	2255	True
57	481	True
57	1299	True
57	2023	True
58	96	True
58	282	True
58	456	True
58	810	True
58	1244	True
58	1445	True
59	810	True
59	929	True
59	930	True
59	1238	True
60	37	True
60	39	True
60	61	True
60	999	True
60	1995	True
61	743	True
61	929	True
61	930	True
61	931	True
62	37	True
62	787	True
62	788	True
62	908	True
62	930	True
62	931	True
62	1496	True
62	2611	True
63	100	True
63	1002	True
63	1003	True
63	1334	True
63	2070	True
64	65	True
64	100	True
64	915	True
64	1002	True
64	1003	True
64	1043	True
64	1112	True
64	1372	True
64	1376	True
64	1466	True
64	1531	True
64	1704	True
64	2012	True
64	2325	True
64	2454	True
65	64	True
65	100	True
65	915	True
65	1002	True
65	1376	True
65	1466	True
65	1531	True
65	1704	True
66	711	True
66	828	True
66	1120	True
66	1269	True
66	1906	True
67	138	True
67	140	True
67	156	True
67	499	True
67	613	True
67	718	True
67	1158	True
67	1331	True
67	1464	True
67	2004	True
67	2076	True
67	2236	True
67	2243	True
67	2600	True
67	2653	True
68	185	True
68	515	True
68	533	True
68	553	True
68	740	True
68	971	True
68	1069	True
68	1120	True
68	1401	True
68	1472	True
68	1769	True
68	2166	True
68	2313	True
68	2351	True
68	2417	True
68	2487	True
68	2509	True
69	1119	True
69	1898	True
69	1939	True
69	2141	True
69	2434	True
69	2497	True
70	1119	True
70	1120	True
70	2497	True
70	2642	True
70	2645	True
71	157	True
71	289	True
71	370	True
71	381	True
71	382	True
71	390	True
71	409	True
71	468	True
71	483	True
71	501	True
71	507	True
71	509	True
71	602	True
71	608	True
71	637	True
71	688	True
71	752	True
71	804	True
71	806	True
71	814	True
71	841	True
71	847	True
71	874	True
71	887	True
71	963	True
71	1012	True
71	1097	True
71	1165	True
71	1440	True
71	1446	True
71	1479	True
71	1485	True
71	1698	True
71	1770	True
71	1885	True
71	1889	True
71	1893	True
71	1909	True
71	1940	True
71	1985	True
71	2007	True
71	2044	True
71	2055	True
71	2061	True
71	2116	True
71	2298	True
71	2308	True
71	2318	True
71	2357	True
71	2361	True
71	2428	True
71	2429	True
71	2431	True
71	2485	True
71	2491	True
71	2502	True
71	2586	True
71	2599	True
71	2615	True
71	2693	True
71	2700	True
72	77	True
72	131	True
72	181	True
72	184	True
72	344	True
72	382	True
72	533	True
72	534	True
72	584	True
72	609	True
72	695	True
72	696	True
72	715	True
72	733	True
72	912	True
72	1120	True
72	1151	True
72	1203	True
72	1303	True
72	1314	True
72	1388	True
72	1693	True
72	1925	True
72	1998	True
72	1999	True
72	2019	True
72	2133	True
72	2164	True
72	2301	True
72	2355	True
72	2476	True
72	2648	True
73	344	True
73	349	True
73	715	True
73	1515	True
73	1998	True
73	2281	True
73	2355	True
74	44	True
74	715	True
74	1180	True
74	1328	True
74	1506	True
74	1900	True
74	1939	True
74	2141	True
74	2304	True
75	711	True
75	2141	True
76	74	True
76	77	True
76	1120	True
76	1646	True
76	2304	True
77	1898	True
78	74	True
78	515	True
78	536	True
78	1898	True
78	2081	True
78	2434	True
79	453	True
79	454	True
79	471	True
79	874	True
79	1367	True
79	1406	True
79	1419	True
79	1877	True
79	1937	True
79	1946	True
79	2087	True
79	2128	True
80	42	True
80	1214	True
80	1374	True
80	2624	True
81	99	True
82	1974	True
82	2155	True
82	2221	True
83	417	True
83	586	True
83	916	True
83	1443	True
83	1508	True
83	2086	True
83	2095	True
84	33	True
84	83	True
84	210	True
84	243	True
84	475	True
84	504	True
84	520	True
84	586	True
84	739	True
84	741	True
84	961	True
84	969	True
84	970	True
84	1043	True
84	1079	True
84	1122	True
84	1362	True
84	1388	True
84	1437	True
84	1444	True
84	1470	True
84	1798	True
84	1848	True
84	1891	True
84	1938	True
84	1939	True
84	1954	True
84	2055	True
84	2062	True
84	2077	True
84	2118	True
84	2145	True
84	2505	True
84	2506	True
84	2541	True
84	2560	True
84	2561	True
84	2627	True
85	33	True
85	476	True
85	509	True
85	586	True
85	685	True
85	690	True
85	872	True
85	952	True
85	1271	True
85	1437	True
85	1850	True
85	1951	True
85	2264	True
85	2558	True
85	2561	True
85	2588	True
86	1919	True
87	4	True
87	27	True
87	111	True
87	113	True
87	117	True
87	118	True
87	120	True
87	121	True
87	122	True
87	260	True
87	261	True
87	420	True
87	421	True
87	514	True
87	977	True
87	1010	True
87	1122	True
87	1160	True
87	1185	True
87	1355	True
87	1669	True
87	1675	True
87	1859	True
87	1901	True
87	1908	True
87	1920	True
87	2128	True
87	2177	True
87	2238	True
87	2357	True
87	2413	True
87	2416	True
88	6	True
89	9	True
89	151	True
89	182	True
89	1030	True
89	1031	True
89	1459	True
89	1486	True
89	1989	True
89	2334	True
90	94	True
90	312	True
90	1471	True
90	1592	True
91	6	True
91	222	True
91	228	True
91	388	True
91	577	True
91	735	True
91	785	True
91	901	True
91	1098	True
91	1900	True
91	1904	True
91	2043	True
91	2111	True
91	2652	True
92	1921	True
93	170	True
95	1003	True
95	1119	True
95	1961	True
95	2039	True
95	2235	True
95	2273	True
96	97	True
96	98	True
96	412	True
96	1514	True
96	2250	True
97	98	True
97	412	True
97	1327	True
97	1431	True
97	2250	True
97	2263	True
97	2383	True
98	97	True
98	1431	True
98	2250	True
99	97	True
99	98	True
99	2250	True
100	63	True
100	64	True
100	796	True
100	927	True
100	1002	True
100	1041	True
100	1409	True
100	1466	True
100	1478	True
100	1531	True
100	1984	True
101	1012	True
101	1014	True
101	1015	True
101	1049	True
101	2618	True
102	53	True
102	54	True
102	778	True
102	885	True
102	1045	True
102	1301	True
102	1399	True
102	1883	True
102	2040	True
102	2140	True
102	2205	True
102	2245	True
102	2257	True
102	2286	True
102	2518	True
103	1980	True
103	2350	True
103	2423	True
104	15	True
104	969	True
104	1247	True
104	2384	True
105	481	True
105	787	True
105	1299	True
105	1907	True
105	2201	True
106	15	True
106	2080	True
107	1081	True
107	1526	True
107	1594	True
107	1922	True
108	181	True
108	733	True
108	828	True
108	1922	True
108	2000	True
108	2039	True
108	2075	True
108	2150	True
109	229	True
109	406	True
109	442	True
109	1432	True
109	2035	True
110	1780	True
110	1787	True
110	2506	True
110	2691	True
110	2692	True
111	29	True
111	112	True
111	113	True
111	121	True
111	122	True
111	1185	True
111	2006	True
111	2028	True
111	2413	True
112	1361	True
113	2317	True
114	5	True
114	336	True
114	413	True
114	876	True
114	1020	True
114	2015	True
114	2090	True
114	2128	True
115	165	True
115	334	True
115	1126	True
115	2002	True
115	2154	True
115	2413	True
117	71	True
117	209	True
117	258	True
117	409	True
117	1450	True
117	1985	True
117	2254	True
117	2562	True
118	427	True
118	667	True
118	801	True
118	1901	True
118	2254	True
118	2637	True
119	172	True
119	189	True
119	434	True
119	525	True
119	865	True
119	957	True
119	958	True
119	1122	True
119	1152	True
119	1225	True
119	2047	True
120	2254	True
121	4	True
121	9	True
121	29	True
121	111	True
121	113	True
121	114	True
121	117	True
121	120	True
121	122	True
121	123	True
121	126	True
121	127	True
121	165	True
121	207	True
121	240	True
121	247	True
121	262	True
121	298	True
121	334	True
121	336	True
121	375	True
121	413	True
121	414	True
121	420	True
121	424	True
121	432	True
121	434	True
121	507	True
121	525	True
121	650	True
121	667	True
121	846	True
121	977	True
121	1020	True
121	1086	True
121	1109	True
121	1185	True
121	1194	True
121	1236	True
121	1276	True
121	1354	True
121	1361	True
121	1362	True
121	1408	True
121	1450	True
121	1640	True
121	1670	True
121	1671	True
121	1675	True
121	1782	True
121	1851	True
121	1933	True
121	1986	True
121	2002	True
121	2006	True
121	2015	True
121	2028	True
121	2032	True
121	2047	True
121	2069	True
121	2090	True
121	2092	True
121	2095	True
121	2121	True
121	2123	True
121	2127	True
121	2177	True
121	2199	True
121	2203	True
121	2238	True
121	2275	True
121	2289	True
121	2344	True
121	2382	True
121	2386	True
121	2413	True
122	113	True
122	117	True
122	118	True
122	123	True
122	127	True
122	135	True
122	262	True
122	368	True
122	409	True
122	420	True
122	430	True
122	525	True
122	851	True
122	868	True
122	881	True
122	977	True
122	1077	True
122	1160	True
122	1400	True
122	1450	True
122	1669	True
122	1986	True
122	1994	True
122	2059	True
122	2169	True
122	2317	True
122	2416	True
122	2619	True
123	127	True
123	2244	True
124	876	True
124	1251	True
124	1901	True
124	2128	True
124	2177	True
124	2289	True
126	114	True
126	127	True
126	1020	True
127	114	True
127	427	True
127	1400	True
128	206	True
128	818	True
128	2295	True
128	2410	True
129	740	True
129	1264	True
129	2158	True
129	2166	True
130	343	True
130	2053	True
130	2227	True
130	2261	True
131	72	True
131	344	True
131	584	True
131	733	True
131	1203	True
131	1480	True
131	2019	True
131	2174	True
131	2601	True
131	2608	True
131	2631	True
131	2648	True
131	2658	True
132	1056	True
132	1203	True
132	1414	True
132	1516	True
132	2313	True
133	1203	True
133	2113	True
134	1992	True
134	2103	True
135	433	True
135	2275	True
135	2385	True
136	135	True
136	301	True
136	433	True
136	650	True
136	1789	True
136	1879	True
136	1932	True
136	2386	True
137	1923	True
138	945	True
138	1142	True
138	1552	True
138	1599	True
139	196	True
139	616	True
139	632	True
139	812	True
139	1404	True
139	1459	True
139	1464	True
139	2418	True
139	2646	True
140	131	True
140	153	True
140	740	True
140	1264	True
140	1992	True
140	2158	True
140	2249	True
141	711	True
142	1405	True
142	2093	True
143	1492	True
143	2281	True
144	142	True
144	504	True
144	678	True
144	890	True
144	1405	True
144	1529	True
144	1544	True
144	2183	True
145	1830	True
145	2012	True
146	520	True
146	1101	True
146	1356	True
146	1363	True
146	1379	True
146	1439	True
146	1481	True
146	2194	True
146	2305	True
147	520	True
147	617	True
147	618	True
147	1356	True
147	1439	True
147	1979	True
147	2264	True
147	2350	True
148	149	True
148	241	True
148	795	True
148	978	True
148	1476	True
148	2284	True
149	1124	True
149	1318	True
149	1476	True
149	1777	True
149	2192	True
149	2284	True
149	2496	True
149	2592	True
149	2690	True
150	33	True
150	84	True
150	1470	True
150	1476	True
150	1817	True
150	1964	True
150	2176	True
150	2449	True
150	2541	True
150	2627	True
151	1486	True
151	2664	True
152	156	True
152	345	True
152	854	True
152	1158	True
152	1369	True
152	2707	True
153	660	True
153	662	True
153	1423	True
153	2152	True
153	2216	True
154	312	True
154	895	True
154	1269	True
154	1369	True
154	1906	True
154	2000	True
154	2165	True
154	2252	True
155	2187	True
156	1423	True
158	640	True
158	1043	True
158	1385	True
158	2062	True
158	2077	True
159	2259	True
160	51	True
160	276	True
160	646	True
160	1225	True
160	2540	True
161	162	True
161	164	True
161	1856	True
161	2564	True
162	1856	True
163	1856	True
164	162	True
164	1855	True
164	1856	True
165	1398	True
165	1986	True
165	2025	True
165	2065	True
165	2121	True
165	2199	True
165	2209	True
166	866	True
166	2656	True
168	169	True
168	799	True
168	1051	True
168	1378	True
168	2270	True
168	2641	True
169	168	True
169	1051	True
169	1378	True
169	1456	True
169	2124	True
169	2467	True
169	2641	True
170	1380	True
170	2573	True
171	398	True
171	533	True
171	913	True
171	1090	True
171	1180	True
171	1939	True
171	2273	True
173	129	True
173	138	True
173	217	True
173	354	True
173	355	True
173	374	True
173	453	True
173	613	True
173	614	True
173	615	True
173	647	True
173	689	True
173	711	True
173	878	True
173	1017	True
173	1314	True
173	1419	True
173	1647	True
173	2054	True
173	2076	True
173	2098	True
173	2354	True
173	2512	True
173	2644	True
173	2669	True
174	52	True
174	775	True
174	778	True
174	2240	True
174	2518	True
175	1044	True
175	1118	True
175	1819	True
175	2706	True
176	24	True
176	175	True
176	663	True
176	1148	True
176	1256	True
176	1819	True
176	2511	True
176	2706	True
177	237	True
177	512	True
177	638	True
177	1135	True
177	2174	True
178	512	True
178	1135	True
179	523	True
179	1924	True
180	912	True
180	1924	True
181	912	True
181	1924	True
182	9	True
182	403	True
182	630	True
182	632	True
182	671	True
182	836	True
182	892	True
182	912	True
182	1131	True
182	1370	True
182	1408	True
182	1499	True
182	1924	True
182	1974	True
182	2221	True
183	1457	True
184	1925	True
184	2664	True
185	1925	True
186	189	True
186	906	True
186	1441	True
186	1653	True
186	1752	True
186	1860	True
186	2394	True
187	189	True
187	1196	True
187	1250	True
187	1441	True
187	1956	True
187	2299	True
187	2620	True
187	2667	True
188	189	True
188	1441	True
188	1653	True
188	1746	True
188	1754	True
188	2251	True
188	2665	True
189	311	True
189	1441	True
189	1653	True
189	2394	True
189	2616	True
190	1937	True
190	2526	True
191	900	True
192	91	True
192	191	True
192	900	True
193	1295	True
193	1926	True
194	1687	True
194	2424	True
195	484	True
195	2242	True
196	1034	True
196	1036	True
196	1152	True
196	2412	True
196	2633	True
197	137	True
197	444	True
197	2652	True
198	72	True
198	131	True
198	304	True
198	344	True
198	534	True
198	537	True
198	609	True
198	695	True
198	696	True
198	824	True
198	939	True
198	1102	True
198	1220	True
198	1303	True
198	1527	True
198	1693	True
198	1822	True
198	2019	True
198	2293	True
199	202	True
200	6	True
200	91	True
200	192	True
200	198	True
200	225	True
200	226	True
200	228	True
200	279	True
200	405	True
200	728	True
200	734	True
200	735	True
200	980	True
200	1291	True
200	2111	True
201	135	True
201	202	True
201	203	True
201	595	True
201	645	True
201	1306	True
201	2046	True
201	2087	True
201	2144	True
201	2253	True
202	828	True
203	59	True
203	2253	True
204	182	True
204	357	True
204	555	True
204	936	True
204	1215	True
204	1935	True
205	462	True
205	463	True
205	464	True
205	515	True
205	568	True
205	1191	True
205	1802	True
205	1927	True
205	2034	True
205	2390	True
205	2417	True
207	125	True
207	181	True
207	349	True
207	453	True
207	460	True
207	592	True
207	851	True
207	1150	True
207	1464	True
207	1647	True
207	2087	True
207	2134	True
207	2547	True
207	2644	True
208	9	True
208	182	True
208	201	True
208	207	True
208	313	True
208	333	True
208	881	True
208	1224	True
208	1294	True
208	1646	True
208	2703	True
209	371	True
209	1928	True
210	539	True
211	383	True
211	1184	True
211	2404	True
211	2486	True
213	216	True
214	212	True
214	343	True
214	499	True
214	613	True
214	1233	True
214	1526	True
214	1594	True
214	2331	True
214	2653	True
215	2343	True
216	213	True
216	454	True
216	569	True
216	575	True
216	1219	True
217	710	True
217	796	True
217	1492	True
218	2322	True
219	227	True
219	1075	True
220	2034	True
220	2104	True
221	88	True
221	1904	True
221	2228	True
222	90	True
222	94	True
222	220	True
222	229	True
222	440	True
222	441	True
222	442	True
222	710	True
222	859	True
222	1093	True
222	1098	True
222	1240	True
222	1373	True
222	1384	True
222	1471	True
222	1910	True
222	2003	True
222	2193	True
222	2217	True
222	2649	True
223	391	True
224	220	True
224	527	True
224	627	True
224	2026	True
224	2034	True
224	2104	True
224	2482	True
224	2498	True
225	734	True
225	934	True
225	2228	True
226	6	True
226	219	True
226	227	True
226	406	True
226	863	True
226	2322	True
227	231	True
227	2228	True
228	91	True
228	109	True
228	222	True
228	662	True
228	728	True
228	785	True
228	2111	True
229	220	True
230	220	True
230	894	True
230	2034	True
230	2104	True
231	1075	True
231	2228	True
233	921	True
233	1096	True
233	1227	True
233	1444	True
233	1452	True
233	1891	True
233	2255	True
233	2609	True
233	2668	True
234	288	True
234	290	True
234	292	True
234	658	True
234	1445	True
234	2401	True
235	288	True
235	752	True
236	91	True
236	109	True
236	137	True
236	219	True
236	224	True
236	226	True
236	228	True
236	288	True
236	340	True
236	341	True
236	406	True
236	728	True
236	734	True
236	897	True
236	1082	True
236	1099	True
236	1944	True
236	2026	True
236	2482	True
237	288	True
237	1278	True
237	2483	True
238	913	True
238	1385	True
238	1396	True
240	189	True
240	422	True
240	651	True
240	653	True
240	656	True
240	694	True
240	699	True
240	812	True
240	992	True
240	1028	True
240	1250	True
240	1461	True
240	1561	True
240	1566	True
240	1913	True
240	1963	True
240	1969	True
240	2036	True
240	2396	True
241	148	True
241	149	True
241	242	True
241	795	True
241	1777	True
241	2284	True
241	2592	True
241	2690	True
242	84	True
242	148	True
242	149	True
242	968	True
242	1318	True
242	1777	True
242	2284	True
245	1881	True
246	1107	True
246	2205	True
247	298	True
247	1851	True
248	1851	True
248	2025	True
248	2254	True
249	250	True
249	1968	True
250	1009	True
250	1968	True
251	250	True
251	1009	True
251	1126	True
251	1228	True
251	1411	True
251	1458	True
251	1968	True
252	1009	True
252	2591	True
253	301	True
254	255	True
254	256	True
254	813	True
255	813	True
255	966	True
255	1902	True
255	2170	True
256	2248	True
257	256	True
257	966	True
257	1199	True
257	1360	True
257	1902	True
257	2170	True
257	2248	True
258	27	True
258	29	True
258	2028	True
258	2248	True
259	522	True
259	523	True
259	2081	True
260	261	True
260	457	True
260	563	True
260	818	True
260	1952	True
261	2238	True
263	262	True
264	336	True
264	2320	True
265	497	True
266	488	True
266	571	True
266	879	True
266	882	True
266	1054	True
266	1747	True
266	2233	True
266	2603	True
266	2606	True
266	2655	True
266	2702	True
267	1929	True
268	1710	True
268	1929	True
269	270	True
269	272	True
269	489	True
269	756	True
269	1930	True
269	1941	True
270	272	True
270	489	True
270	756	True
270	1930	True
270	1941	True
270	2226	True
271	270	True
271	272	True
271	489	True
271	756	True
271	1930	True
271	1941	True
271	2226	True
272	1930	True
273	1273	True
273	1931	True
273	2158	True
273	2236	True
274	654	True
274	680	True
274	1601	True
274	1931	True
274	1990	True
274	2602	True
275	276	True
275	1931	True
276	1601	True
276	1931	True
277	1319	True
277	2093	True
278	384	True
278	1818	True
279	191	True
279	192	True
279	198	True
279	200	True
279	225	True
279	236	True
279	506	True
279	556	True
279	662	True
279	785	True
279	838	True
279	1137	True
279	1216	True
279	1232	True
279	1240	True
279	1944	True
279	2035	True
279	2152	True
279	2646	True
280	506	True
281	239	True
282	283	True
282	1138	True
282	1244	True
282	2071	True
282	2214	True
282	2611	True
282	2673	True
283	2172	True
283	2214	True
284	1100	True
284	1165	True
284	1372	True
284	1830	True
285	65	True
285	1100	True
285	1521	True
285	1767	True
285	1827	True
285	2325	True
286	64	True
286	65	True
286	1100	True
286	1162	True
286	1163	True
286	1165	True
286	1372	True
286	1521	True
286	1704	True
286	1979	True
286	2439	True
287	290	True
287	292	True
287	628	True
287	1080	True
287	1445	True
287	1473	True
288	961	True
289	1981	True
290	2399	True
291	292	True
291	1330	True
291	1959	True
291	2159	True
291	2319	True
292	291	True
293	237	True
293	292	True
293	2282	True
293	2399	True
294	235	True
294	914	True
294	1341	True
294	1959	True
294	1981	True
294	2068	True
294	2239	True
294	2282	True
295	984	True
295	1709	True
295	1710	True
295	1712	True
295	1720	True
295	1721	True
295	1739	True
295	1740	True
295	2440	True
295	2450	True
295	2456	True
295	2461	True
296	1710	True
296	2597	True
296	2632	True
297	298	True
297	477	True
297	864	True
297	1155	True
297	2022	True
297	2209	True
297	2316	True
298	477	True
298	864	True
298	1155	True
298	2613	True
298	2652	True
299	1334	True
299	2161	True
300	1479	True
301	431	True
301	478	True
301	1126	True
301	1789	True
301	1879	True
301	1932	True
301	1965	True
301	2275	True
301	2385	True
302	1932	True
303	1932	True
304	72	True
304	537	True
304	654	True
304	1385	True
304	2236	True
304	2602	True
305	696	True
305	2021	True
306	1283	True
307	1991	True
308	1290	True
309	829	True
310	829	True
310	1468	True
310	2014	True
312	90	True
312	1592	True
312	1906	True
313	90	True
313	312	True
313	2640	True
314	447	True
314	1524	True
314	1525	True
315	834	True
315	1119	True
316	757	True
317	316	True
317	478	True
317	719	True
317	757	True
317	797	True
317	859	True
317	910	True
317	952	True
317	1130	True
317	1400	True
317	1481	True
317	1508	True
317	2114	True
318	319	True
318	828	True
318	2043	True
320	346	True
320	2001	True
320	2114	True
321	346	True
321	1507	True
322	346	True
322	1954	True
323	324	True
323	801	True
323	1789	True
323	2275	True
325	324	True
325	2619	True
325	2628	True
326	830	True
326	1616	True
326	1620	True
326	1621	True
327	244	True
327	313	True
327	455	True
327	1801	True
327	2035	True
327	2661	True
328	117	True
328	162	True
328	164	True
328	369	True
328	563	True
328	608	True
328	688	True
328	724	True
328	814	True
328	976	True
328	1156	True
328	1275	True
328	1389	True
328	1676	True
328	1680	True
328	1760	True
328	1762	True
328	1795	True
328	1854	True
328	1873	True
328	1888	True
328	1889	True
328	1894	True
328	1996	True
328	2138	True
328	2149	True
328	2319	True
328	2358	True
328	2474	True
328	2540	True
328	2545	True
329	476	True
329	545	True
329	872	True
329	1009	True
329	1271	True
330	529	True
330	703	True
330	845	True
331	330	True
331	844	True
331	845	True
331	861	True
332	19	True
332	845	True
333	58	True
333	96	True
333	456	True
333	845	True
333	938	True
333	1063	True
333	1445	True
333	1547	True
333	1548	True
333	1549	True
333	2052	True
333	2156	True
333	2178	True
333	2185	True
333	2224	True
333	2419	True
333	2420	True
333	2575	True
333	2596	True
333	2670	True
333	2671	True
333	2672	True
334	1933	True
334	2206	True
335	1933	True
335	1938	True
335	2019	True
336	165	True
336	375	True
336	744	True
336	1933	True
336	2015	True
336	2032	True
336	2090	True
337	129	True
337	338	True
337	339	True
337	1264	True
337	1435	True
337	2013	True
337	2098	True
337	2218	True
338	339	True
340	219	True
340	227	True
340	231	True
340	341	True
340	388	True
340	560	True
340	863	True
340	980	True
340	2041	True
340	2208	True
340	2268	True
341	218	True
341	219	True
341	227	True
341	231	True
341	340	True
341	560	True
341	863	True
341	2041	True
341	2268	True
342	1423	True
342	2334	True
345	2335	True
345	2707	True
347	348	True
347	1351	True
347	1357	True
347	2167	True
347	2180	True
348	1351	True
348	1357	True
348	1514	True
348	2046	True
348	2134	True
348	2167	True
350	2173	True
351	352	True
351	1066	True
351	1173	True
351	1281	True
351	1491	True
351	1612	True
351	1643	True
351	1934	True
351	2031	True
351	2117	True
351	2348	True
352	1643	True
352	1934	True
352	2031	True
352	2348	True
353	81	True
353	530	True
353	531	True
353	532	True
353	1214	True
353	1374	True
353	2016	True
353	2349	True
354	138	True
354	613	True
354	614	True
354	615	True
354	1063	True
354	2076	True
355	34	True
355	68	True
355	140	True
355	141	True
355	204	True
355	238	True
355	258	True
355	356	True
355	357	True
355	511	True
355	701	True
355	855	True
355	919	True
355	920	True
355	1435	True
355	1935	True
355	2260	True
355	2267	True
355	2294	True
356	204	True
356	357	True
356	1935	True
357	204	True
357	1935	True
358	544	True
358	2083	True
359	362	True
360	362	True
361	362	True
361	2087	True
361	2134	True
363	362	True
364	430	True
364	2029	True
364	2249	True
365	366	True
365	765	True
366	764	True
366	833	True
366	1023	True
366	1026	True
366	2171	True
367	545	True
367	556	True
367	1567	True
367	1975	True
367	2100	True
368	307	True
368	1122	True
368	1991	True
370	371	True
370	1156	True
371	259	True
371	370	True
371	851	True
371	1084	True
371	1234	True
371	1761	True
371	2061	True
373	393	True
374	212	True
374	217	True
374	355	True
374	397	True
374	398	True
374	710	True
374	757	True
374	816	True
374	896	True
374	897	True
374	1164	True
374	1459	True
374	2217	True
374	2638	True
374	2644	True
375	167	True
375	2002	True
375	2032	True
376	278	True
376	1886	True
376	2094	True
377	1936	True
377	2005	True
377	2635	True
378	2065	True
379	329	True
379	367	True
379	408	True
379	545	True
379	697	True
379	709	True
379	796	True
379	847	True
379	873	True
379	981	True
379	1004	True
379	1009	True
379	1067	True
379	1068	True
379	1197	True
379	1207	True
379	1271	True
379	1698	True
379	1781	True
379	1954	True
379	1971	True
379	1975	True
379	1999	True
379	2009	True
379	2290	True
379	2435	True
379	2454	True
379	2595	True
379	2685	True
380	141	True
380	493	True
380	546	True
380	1004	True
380	1949	True
380	2115	True
381	382	True
381	390	True
381	874	True
381	2599	True
381	2615	True
381	2700	True
382	1339	True
382	1433	True
384	15	True
384	1072	True
384	1207	True
384	1785	True
384	2055	True
384	2219	True
384	2561	True
384	2675	True
385	44	True
385	1697	True
385	1958	True
385	1990	True
385	2278	True
385	2323	True
386	413	True
386	578	True
387	1592	True
388	1432	True
388	2041	True
388	2072	True
388	2262	True
389	2153	True
390	382	True
390	501	True
390	874	True
390	1150	True
391	1075	True
391	1285	True
392	1075	True
392	2003	True
392	2208	True
393	372	True
394	2004	True
394	2174	True
395	670	True
395	1961	True
396	2075	True
397	171	True
397	1419	True
399	1159	True
399	2089	True
399	2375	True
399	2591	True
400	2591	True
401	402	True
401	715	True
401	1600	True
401	2008	True
401	2356	True
402	1854	True
402	1999	True
403	258	True
403	496	True
403	1131	True
403	1370	True
403	2101	True
404	402	True
404	2008	True
404	2544	True
405	934	True
405	980	True
405	1291	True
406	226	True
406	2208	True
407	410	True
407	417	True
407	774	True
407	916	True
407	1799	True
407	1800	True
407	1801	True
407	1947	True
407	2317	True
408	313	True
408	367	True
408	410	True
408	417	True
408	916	True
408	943	True
408	1799	True
408	1800	True
408	1801	True
409	335	True
409	417	True
409	650	True
410	417	True
411	34	True
411	374	True
411	913	True
411	936	True
411	1938	True
411	2278	True
411	2509	True
412	97	True
412	98	True
413	1387	True
413	2154	True
413	2344	True
414	115	True
414	334	True
415	2046	True
415	2292	True
416	1671	True
416	2177	True
416	2382	True
417	916	True
417	1799	True
417	1801	True
417	2206	True
418	19	True
418	2607	True
419	2624	True
420	2025	True
421	29	True
421	656	True
421	997	True
421	1371	True
421	1434	True
421	1550	True
421	2006	True
421	2028	True
422	421	True
422	656	True
422	699	True
422	1371	True
422	1963	True
422	2036	True
423	922	True
424	120	True
424	126	True
424	247	True
424	414	True
424	865	True
424	1276	True
424	1398	True
424	1670	True
424	1671	True
424	2069	True
424	2123	True
424	2386	True
425	507	True
426	962	True
426	1993	True
426	2308	True
427	2025	True
428	1408	True
429	125	True
429	126	True
429	409	True
429	2351	True
430	1192	True
430	2029	True
430	2249	True
432	846	True
434	368	True
434	1122	True
435	4	True
435	172	True
435	866	True
435	1211	True
435	2637	True
436	120	True
436	247	True
437	1086	True
437	1398	True
437	1859	True
437	2626	True
438	166	True
438	868	True
438	1007	True
438	1417	True
438	2582	True
438	2656	True
439	977	True
439	1211	True
440	473	True
441	442	True
441	1910	True
443	222	True
443	1093	True
443	1094	True
445	643	True
445	1585	True
445	1642	True
446	447	True
446	509	True
446	719	True
446	834	True
446	859	True
446	910	True
446	1106	True
446	1165	True
446	1979	True
447	2303	True
447	2311	True
448	71	True
448	449	True
448	1005	True
448	1064	True
448	1080	True
448	1454	True
448	2110	True
448	2277	True
449	1007	True
450	147	True
450	508	True
450	1007	True
450	1363	True
451	1092	True
452	71	True
452	775	True
452	1680	True
452	2246	True
453	454	True
453	1065	True
453	2599	True
453	2615	True
453	2700	True
455	244	True
458	2008	True
459	600	True
459	2281	True
461	1135	True
461	1983	True
462	463	True
462	1802	True
462	2390	True
463	1802	True
464	205	True
464	462	True
464	463	True
464	470	True
464	568	True
464	1191	True
464	1343	True
464	1802	True
464	1803	True
464	1912	True
464	2034	True
464	2290	True
464	2297	True
464	2390	True
464	2397	True
464	2551	True
464	2593	True
464	2598	True
464	2625	True
465	276	True
465	338	True
465	538	True
465	939	True
465	1351	True
465	1357	True
465	2167	True
466	534	True
466	538	True
466	964	True
466	2434	True
467	194	True
467	550	True
467	551	True
467	1247	True
467	1681	True
467	1682	True
467	1683	True
467	1687	True
467	1688	True
467	2424	True
467	2592	True
468	725	True
468	726	True
469	843	True
469	1413	True
470	471	True
470	1191	True
470	2297	True
470	2395	True
471	1191	True
472	141	True
472	468	True
472	498	True
472	582	True
472	1204	True
472	1402	True
472	1805	True
472	2135	True
472	2260	True
472	2679	True
473	685	True
473	859	True
474	278	True
474	539	True
474	819	True
474	1132	True
474	1694	True
474	1695	True
475	33	True
475	741	True
476	873	True
477	2209	True
479	1101	True
479	1356	True
479	1363	True
479	1379	True
479	1481	True
479	1979	True
479	2264	True
479	2515	True
480	481	True
480	1907	True
482	244	True
482	1471	True
482	2074	True
483	495	True
483	979	True
483	1220	True
484	791	True
484	792	True
484	794	True
484	2242	True
484	2282	True
485	484	True
485	791	True
485	792	True
485	794	True
485	2220	True
486	487	True
486	804	True
486	1625	True
486	1940	True
486	2657	True
486	2695	True
487	1940	True
487	2082	True
488	1610	True
488	1625	True
488	1940	True
488	2532	True
488	2570	True
489	1941	True
489	2226	True
490	491	True
490	492	True
490	832	True
490	840	True
490	1181	True
490	1420	True
490	2011	True
490	2091	True
490	2148	True
490	2163	True
490	2188	True
490	2279	True
490	2633	True
491	832	True
491	840	True
491	2279	True
492	491	True
492	840	True
492	2279	True
493	546	True
493	1942	True
494	1942	True
495	899	True
495	971	True
495	1219	True
496	363	True
496	457	True
497	265	True
497	1944	True
497	2003	True
498	351	True
498	582	True
498	605	True
498	1066	True
498	1217	True
498	1275	True
498	1317	True
498	1500	True
498	1790	True
498	2122	True
498	2620	True
498	2667	True
500	501	True
500	674	True
500	1123	True
501	2212	True
502	703	True
502	861	True
502	1945	True
502	2179	True
503	36	True
503	757	True
503	923	True
503	926	True
503	1510	True
503	2049	True
503	2305	True
504	677	True
504	678	True
504	890	True
504	1159	True
504	1451	True
504	1666	True
504	1909	True
504	2089	True
504	2183	True
504	2369	True
505	23	True
505	558	True
505	1498	True
505	2122	True
507	350	True
507	425	True
507	1019	True
508	450	True
508	2593	True
508	2598	True
508	2625	True
509	617	True
509	618	True
509	722	True
509	1189	True
509	1438	True
509	1439	True
509	1440	True
509	1446	True
509	1967	True
509	2588	True
509	2593	True
509	2598	True
509	2625	True
510	298	True
510	784	True
510	2613	True
511	238	True
511	355	True
511	397	True
511	504	True
511	590	True
511	658	True
511	701	True
511	913	True
511	936	True
511	1385	True
511	1407	True
511	1946	True
512	638	True
512	1328	True
512	1946	True
512	1983	True
512	2174	True
513	335	True
513	1197	True
513	2512	True
513	2601	True
513	2608	True
513	2631	True
513	2658	True
514	335	True
515	971	True
515	1166	True
515	2351	True
516	5	True
516	521	True
516	1172	True
516	1596	True
516	1597	True
516	2049	True
517	47	True
517	107	True
517	702	True
517	1234	True
517	2412	True
518	1308	True
518	2222	True
519	1967	True
520	1363	True
521	784	True
521	1356	True
521	2049	True
521	2305	True
521	2613	True
524	681	True
524	922	True
524	954	True
524	1603	True
524	1604	True
524	1608	True
524	1640	True
524	1650	True
524	2376	True
524	2398	True
524	2680	True
525	1947	True
526	1042	True
526	1085	True
526	1705	True
526	1739	True
526	2455	True
526	2457	True
527	94	True
527	627	True
527	710	True
527	801	True
527	1994	True
527	2551	True
528	1948	True
529	2016	True
529	2178	True
529	2596	True
530	1374	True
531	2016	True
531	2084	True
532	531	True
532	2349	True
534	834	True
534	2019	True
535	72	True
535	588	True
535	609	True
535	639	True
535	780	True
535	944	True
535	945	True
535	946	True
535	1193	True
535	1331	True
535	1600	True
535	1601	True
535	1990	True
535	2362	True
535	2363	True
535	2364	True
536	515	True
536	537	True
536	1401	True
536	1516	True
537	72	True
537	131	True
537	1998	True
537	2487	True
538	534	True
538	964	True
538	2434	True
539	540	True
539	722	True
539	724	True
540	722	True
540	723	True
541	5	True
542	32	True
543	64	True
543	624	True
543	1077	True
543	1112	True
543	1162	True
543	1279	True
543	1357	True
543	1518	True
543	1521	True
543	1528	True
543	1767	True
543	1825	True
543	1827	True
543	1830	True
543	2291	True
543	2696	True
543	2698	True
543	2699	True
545	1949	True
545	2115	True
546	1949	True
547	956	True
548	258	True
548	956	True
549	7	True
549	609	True
549	1781	True
549	1950	True
549	2502	True
549	2601	True
549	2608	True
549	2631	True
549	2658	True
551	550	True
551	1688	True
551	1878	True
552	936	True
552	1056	True
552	1069	True
552	1472	True
552	1769	True
552	2267	True
552	2487	True
554	1951	True
555	996	True
555	2047	True
555	2126	True
556	1887	True
557	21	True
557	572	True
557	681	True
557	1062	True
557	1154	True
557	1173	True
557	1175	True
557	1196	True
557	1553	True
557	1632	True
557	2079	True
559	1397	True
559	2182	True
559	2207	True
559	2594	True
560	1240	True
561	391	True
562	391	True
562	561	True
562	662	True
562	1285	True
562	1904	True
563	1952	True
564	1952	True
564	2184	True
565	2446	True
566	289	True
566	1084	True
566	2553	True
567	885	True
567	1495	True
568	463	True
568	1802	True
568	2390	True
569	601	True
569	1213	True
569	2004	True
570	1953	True
571	2342	True
572	557	True
572	997	True
572	1246	True
572	1434	True
572	1553	True
572	2374	True
573	1217	True
573	1297	True
573	1649	True
574	398	True
574	2453	True
576	577	True
576	1179	True
576	1406	True
576	1900	True
576	2430	True
577	576	True
577	1179	True
577	1180	True
577	1328	True
577	1900	True
577	1976	True
577	2001	True
577	2499	True
578	970	True
578	1986	True
579	492	True
579	832	True
579	1955	True
579	2011	True
579	2163	True
579	2188	True
581	1956	True
581	2299	True
582	21	True
582	23	True
582	1062	True
582	1175	True
582	1275	True
582	1500	True
582	1790	True
582	1899	True
582	2484	True
583	737	True
583	2612	True
585	1592	True
585	2640	True
586	397	True
587	1976	True
589	518	True
589	593	True
589	629	True
589	919	True
589	920	True
589	1039	True
589	1370	True
589	1435	True
589	1983	True
589	2218	True
589	2243	True
589	2600	True
590	658	True
591	658	True
591	2654	True
593	34	True
593	919	True
593	1435	True
593	2218	True
594	129	True
594	578	True
594	1264	True
594	2098	True
594	2643	True
595	1431	True
596	597	True
596	598	True
596	2302	True
599	2296	True
602	1014	True
602	1247	True
603	602	True
603	1014	True
604	1956	True
604	2299	True
605	1640	True
605	1956	True
606	1956	True
607	1447	True
607	1467	True
607	2251	True
607	2539	True
608	164	True
608	1235	True
608	1680	True
608	2108	True
609	77	True
609	715	True
610	611	True
611	610	True
612	74	True
612	1492	True
613	614	True
613	615	True
613	2000	True
614	2334	True
615	614	True
617	253	True
617	509	True
617	618	True
617	1438	True
617	1792	True
618	253	True
618	1438	True
618	1446	True
619	277	True
619	975	True
619	1347	True
620	685	True
621	1957	True
622	387	True
622	2323	True
623	762	True
624	1279	True
625	543	True
625	624	True
625	1279	True
625	2536	True
625	2698	True
626	624	True
626	1279	True
627	224	True
627	236	True
627	620	True
627	2026	True
630	363	True
630	403	True
630	496	True
630	2221	True
631	363	True
631	630	True
631	632	True
631	2155	True
632	1131	True
632	1499	True
632	1974	True
633	275	True
634	636	True
634	1960	True
635	634	True
635	1960	True
635	2106	True
636	1960	True
637	539	True
637	1364	True
637	1482	True
638	1961	True
639	2164	True
640	2476	True
640	2664	True
641	654	True
641	2191	True
642	302	True
642	423	True
642	922	True
642	953	True
642	954	True
642	1581	True
642	1582	True
642	1583	True
642	1586	True
642	1607	True
642	1637	True
642	2345	True
642	2347	True
642	2569	True
643	673	True
643	713	True
643	1052	True
643	1281	True
643	1489	True
643	1490	True
643	1586	True
643	1626	True
643	1628	True
643	2373	True
643	2675	True
644	673	True
644	692	True
644	1586	True
644	1589	True
644	1627	True
644	1634	True
644	2195	True
644	2374	True
645	105	True
646	1962	True
647	2354	True
648	1215	True
648	1514	True
648	2156	True
649	1215	True
650	1879	True
651	652	True
651	653	True
651	699	True
651	812	True
651	992	True
651	1963	True
651	2036	True
652	653	True
652	694	True
652	696	True
652	699	True
652	737	True
652	992	True
652	1028	True
652	1963	True
652	2036	True
652	2396	True
653	699	True
653	992	True
653	1963	True
653	1969	True
654	1272	True
654	1414	True
654	2191	True
654	2223	True
654	2602	True
655	421	True
655	656	True
655	1371	True
656	325	True
656	421	True
656	1371	True
656	1461	True
656	2368	True
657	431	True
657	1603	True
657	1604	True
657	1608	True
657	1640	True
657	1650	True
657	1752	True
657	2394	True
657	2510	True
657	2616	True
657	2680	True
658	1821	True
659	1260	True
659	2705	True
660	662	True
660	2216	True
661	153	True
662	660	True
662	2152	True
662	2216	True
663	245	True
663	1044	True
663	1881	True
664	831	True
664	2142	True
665	831	True
666	831	True
666	1065	True
667	1152	True
668	1286	True
668	2130	True
669	31	True
669	486	True
669	737	True
669	1572	True
669	2340	True
669	2341	True
670	2273	True
672	109	True
672	899	True
672	980	True
672	1232	True
672	1291	True
673	875	True
674	500	True
675	381	True
675	390	True
675	453	True
675	874	True
675	1150	True
675	2599	True
675	2615	True
675	2700	True
676	677	True
676	1451	True
677	1451	True
678	1451	True
680	695	True
681	431	True
681	1899	True
681	2018	True
681	2398	True
681	2665	True
682	1899	True
683	1970	True
684	856	True
684	1224	True
684	2010	True
685	473	True
685	620	True
685	859	True
686	1195	True
686	1293	True
686	1613	True
686	1766	True
686	2480	True
688	687	True
689	2027	True
690	554	True
690	2033	True
691	1359	True
692	1281	True
693	267	True
693	1377	True
694	992	True
696	811	True
696	875	True
696	1506	True
697	1971	True
698	1972	True
698	2261	True
698	2302	True
700	866	True
700	2081	True
701	154	True
701	155	True
701	523	True
701	1069	True
702	155	True
702	259	True
702	1034	True
702	1036	True
702	2200	True
703	529	True
703	760	True
703	844	True
703	861	True
703	2596	True
704	934	True
704	1291	True
705	1973	True
706	517	True
706	700	True
706	1089	True
707	764	True
707	1023	True
707	1511	True
707	2310	True
708	366	True
708	707	True
708	764	True
708	833	True
708	1023	True
708	1026	True
708	1057	True
708	1828	True
708	2073	True
708	2202	True
709	367	True
709	1975	True
709	2685	True
710	94	True
710	1373	True
710	1976	True
710	2217	True
711	1976	True
711	2107	True
712	643	True
712	713	True
712	1052	True
712	1626	True
712	2402	True
713	875	True
713	2288	True
714	713	True
714	1052	True
714	1626	True
714	1628	True
715	184	True
716	184	True
716	1416	True
717	1554	True
717	1810	True
717	1812	True
717	2552	True
717	2574	True
718	629	True
718	1977	True
719	1923	True
719	1977	True
719	2636	True
720	805	True
720	1505	True
721	805	True
722	540	True
723	540	True
724	540	True
724	1437	True
724	2196	True
724	2609	True
724	2668	True
725	468	True
725	726	True
726	468	True
727	1978	True
728	6	True
728	224	True
728	527	True
728	627	True
728	1129	True
728	2074	True
728	2551	True
729	1543	True
729	2328	True
729	2329	True
730	649	True
730	2156	True
731	598	True
732	1591	True
732	1980	True
732	2350	True
732	2423	True
736	174	True
736	1254	True
736	1458	True
737	738	True
737	1212	True
738	1212	True
739	2506	True
742	1983	True
742	2008	True
744	743	True
744	2024	True
745	743	True
745	744	True
745	996	True
745	2024	True
745	2047	True
746	409	True
746	514	True
747	1609	True
747	1621	True
747	2401	True
748	1985	True
749	2597	True
749	2632	True
750	872	True
750	1271	True
751	2543	True
752	2213	True
753	1986	True
754	1880	True
755	152	True
755	854	True
755	1897	True
755	2335	True
756	270	True
756	272	True
757	316	True
757	503	True
757	952	True
757	2049	True
758	1171	True
758	1511	True
758	1518	True
758	1528	True
758	1767	True
758	1826	True
758	1828	True
758	1829	True
758	2536	True
758	2538	True
759	430	True
759	1987	True
760	1987	True
760	1995	True
760	2647	True
760	2659	True
760	2660	True
761	635	True
761	2106	True
762	623	True
763	490	True
763	492	True
763	832	True
763	1420	True
763	2011	True
763	2188	True
764	366	True
764	1023	True
765	365	True
765	1023	True
766	46	True
766	202	True
766	2132	True
767	2247	True
767	2435	True
767	2436	True
768	1988	True
769	1988	True
770	768	True
770	769	True
770	1988	True
771	81	True
771	531	True
771	532	True
771	2017	True
771	2349	True
772	354	True
772	1464	True
772	1989	True
772	2000	True
773	904	True
773	1051	True
773	2269	True
774	1799	True
774	2069	True
776	1228	True
777	1228	True
778	1045	True
778	1883	True
778	2119	True
778	2240	True
779	1599	True
779	1601	True
779	1990	True
779	2360	True
779	2364	True
779	2664	True
780	1601	True
780	1990	True
780	2364	True
781	2007	True
781	2168	True
782	783	True
782	2574	True
784	521	True
784	917	True
784	1101	True
784	1356	True
784	1596	True
784	1597	True
784	2406	True
784	2613	True
784	2652	True
785	191	True
786	8	True
786	15	True
786	385	True
786	1150	True
786	1351	True
786	1357	True
786	1657	True
786	2405	True
786	2490	True
787	62	True
787	1496	True
788	62	True
788	1496	True
789	2242	True
790	195	True
790	1565	True
790	1835	True
792	195	True
792	484	True
792	790	True
792	794	True
793	484	True
793	794	True
793	2242	True
794	195	True
794	484	True
794	790	True
794	791	True
794	2242	True
795	1776	True
795	1778	True
796	217	True
796	469	True
796	797	True
796	843	True
796	1410	True
796	2271	True
796	2475	True
796	2654	True
797	2475	True
798	168	True
798	799	True
798	1378	True
799	1378	True
799	2270	True
800	254	True
800	255	True
800	256	True
801	1879	True
801	1994	True
802	803	True
805	804	True
806	804	True
807	60	True
807	1995	True
808	60	True
808	891	True
808	1995	True
809	0	True
809	747	True
809	802	True
809	817	True
809	883	True
809	1305	True
809	1329	True
809	1366	True
809	1509	True
809	1557	True
809	1569	True
809	1654	True
809	2233	True
809	2306	True
809	2336	True
809	2338	True
809	2387	True
809	2401	True
809	2603	True
809	2606	True
809	2655	True
809	2681	True
809	2702	True
810	359	True
810	360	True
810	1238	True
811	1897	True
812	240	True
812	651	True
812	652	True
812	653	True
812	694	True
813	1360	True
814	1996	True
815	723	True
815	1996	True
815	2196	True
815	2422	True
816	1997	True
816	2004	True
817	311	True
817	883	True
817	1314	True
817	1460	True
817	1504	True
817	1997	True
817	2523	True
820	368	True
820	1362	True
820	1563	True
821	1362	True
821	1672	True
822	712	True
822	1083	True
822	1530	True
822	1560	True
822	1569	True
822	1573	True
822	1610	True
822	1696	True
822	1790	True
822	2143	True
822	2324	True
822	2380	True
822	2606	True
822	2655	True
822	2681	True
822	2702	True
823	2243	True
823	2600	True
824	2243	True
824	2600	True
825	137	True
825	173	True
825	182	True
825	772	True
825	881	True
826	2003	True
827	325	True
827	2529	True
827	2619	True
827	2628	True
829	309	True
829	2139	True
830	1620	True
831	1348	True
831	1349	True
831	1350	True
831	1862	True
831	2353	True
832	492	True
833	366	True
833	1057	True
833	2073	True
833	2663	True
835	892	True
835	907	True
836	671	True
837	12	True
837	708	True
837	1037	True
837	2005	True
837	2635	True
838	141	True
838	432	True
838	576	True
838	577	True
838	720	True
838	846	True
838	1266	True
838	1900	True
838	2107	True
838	2175	True
838	2499	True
838	2604	True
839	917	True
839	2406	True
840	491	True
840	2279	True
841	260	True
841	1395	True
841	2134	True
842	637	True
843	469	True
843	1413	True
844	330	True
845	330	True
845	2084	True
845	2178	True
845	2179	True
846	2123	True
847	2009	True
848	538	True
848	1131	True
848	2434	True
849	1285	True
849	1904	True
850	2320	True
852	968	True
852	1061	True
852	1336	True
852	1337	True
852	2629	True
853	1137	True
854	156	True
855	2097	True
855	2282	True
856	2010	True
857	692	True
857	1052	True
857	1612	True
857	1625	True
857	1626	True
857	1628	True
858	692	True
858	951	True
858	1634	True
858	1920	True
858	2378	True
858	2675	True
861	2084	True
861	2179	True
862	2084	True
863	560	True
866	868	True
867	865	True
869	166	True
869	868	True
869	2656	True
870	865	True
871	430	True
871	1905	True
871	2029	True
872	476	True
873	476	True
876	1630	True
877	876	True
877	1634	True
878	78	True
878	536	True
878	1219	True
879	488	True
879	882	True
879	889	True
879	2603	True
879	2681	True
880	488	True
880	1610	True
882	1564	True
882	2603	True
883	817	True
884	1576	True
884	1577	True
884	1579	True
886	1578	True
887	1187	True
887	1485	True
887	1805	True
888	2017	True
889	2251	True
889	2539	True
890	677	True
891	892	True
891	1644	True
893	894	True
894	431	True
894	2104	True
894	2582	True
895	2020	True
896	2020	True
897	154	True
897	896	True
897	1078	True
897	2638	True
898	1505	True
900	191	True
901	191	True
902	1060	True
903	902	True
903	1060	True
904	773	True
904	2688	True
905	399	True
905	400	True
905	2147	True
905	2222	True
905	2375	True
906	643	True
906	1284	True
906	1490	True
906	1565	True
906	2129	True
906	2336	True
906	2346	True
906	2402	True
906	2666	True
907	908	True
907	2023	True
908	2023	True
909	1773	True
909	2023	True
910	988	True
911	988	True
911	991	True
914	1187	True
914	1330	True
914	1346	True
915	1187	True
915	1188	True
916	2095	True
917	1914	True
917	2406	True
918	2235	True
919	920	True
919	1435	True
921	2030	True
921	2255	True
922	423	True
922	1581	True
922	1582	True
922	1583	True
922	1588	True
922	2031	True
922	2347	True
922	2666	True
922	2676	True
923	924	True
923	1106	True
923	1375	True
923	1914	True
924	923	True
924	1914	True
925	719	True
925	923	True
925	924	True
925	2305	True
925	2527	True
926	923	True
926	1106	True
926	1375	True
926	1794	True
927	1041	True
928	1344	True
928	2603	True
929	930	True
929	931	True
930	929	True
930	931	True
932	835	True
933	2230	True
934	1291	True
935	2156	True
936	1056	True
936	1069	True
936	1769	True
936	2267	True
936	2487	True
937	2249	True
939	834	True
940	700	True
941	2300	True
942	2037	True
943	244	True
944	946	True
944	1331	True
945	780	True
945	946	True
945	1193	True
945	1552	True
947	2038	True
948	77	True
948	385	True
948	2077	True
949	951	True
949	1284	True
949	1581	True
949	1583	True
949	2345	True
949	2347	True
950	951	True
950	1284	True
951	1284	True
952	1400	True
953	423	True
954	953	True
955	529	True
955	844	True
955	861	True
955	2160	True
957	958	True
957	1251	True
958	1251	True
959	961	True
960	961	True
963	2044	True
963	2272	True
965	1902	True
965	2064	True
965	2170	True
966	1199	True
966	1902	True
967	2136	True
968	1061	True
968	1337	True
972	2587	True
973	2067	True
973	2587	True
974	2605	True
975	277	True
975	619	True
975	1050	True
976	369	True
976	563	True
976	1485	True
976	1760	True
976	1762	True
976	2474	True
976	2483	True
976	2701	True
977	114	True
977	126	True
977	127	True
978	148	True
978	1124	True
979	629	True
980	388	True
980	2041	True
981	2042	True
982	1170	True
982	2234	True
982	2292	True
982	2315	True
982	2316	True
984	296	True
984	2455	True
985	2045	True
986	985	True
986	2045	True
987	911	True
988	724	True
988	911	True
989	911	True
989	991	True
989	1738	True
990	911	True
990	987	True
991	911	True
991	989	True
991	1720	True
991	1738	True
991	1740	True
992	1461	True
992	1561	True
992	2046	True
993	1280	True
993	2146	True
995	994	True
996	2047	True
997	1434	True
998	999	True
998	2048	True
998	2265	True
999	2048	True
999	2265	True
1000	1882	True
1004	546	True
1005	1080	True
1005	1225	True
1006	1225	True
1007	1458	True
1008	1458	True
1009	1458	True
1010	580	True
1010	605	True
1010	1619	True
1011	1812	True
1012	1015	True
1012	1049	True
1012	2068	True
1013	914	True
1013	2239	True
1014	914	True
1014	1015	True
1014	2239	True
1015	2618	True
1016	1015	True
1016	2618	True
1017	647	True
1017	2354	True
1017	2669	True
1018	2051	True
1019	1497	True
1020	2121	True
1020	2127	True
1020	2199	True
1021	1114	True
1021	1484	True
1021	2143	True
1022	802	True
1022	1484	True
1022	1503	True
1022	2103	True
1023	1026	True
1024	1026	True
1024	2171	True
1025	365	True
1026	1057	True
1026	2202	True
1027	365	True
1028	1461	True
1028	1561	True
1028	1969	True
1029	174	True
1029	972	True
1029	1267	True
1029	2519	True
1029	2550	True
1030	151	True
1031	151	True
1031	1030	True
1031	1486	True
1032	2053	True
1033	368	True
1034	1404	True
1035	1034	True
1035	1404	True
1036	1034	True
1037	366	True
1037	708	True
1038	2054	True
1038	2210	True
1038	2642	True
1038	2645	True
1039	518	True
1039	823	True
1039	2054	True
1040	46	True
1040	202	True
1040	766	True
1040	995	True
1040	2132	True
1041	299	True
1041	2161	True
1042	843	True
1042	1704	True
1042	2070	True
1042	2457	True
1042	2458	True
1042	2686	True
1044	245	True
1046	2055	True
1047	2056	True
1047	2083	True
1048	828	True
1050	1013	True
1050	1884	True
1050	2068	True
1050	2466	True
1051	2269	True
1052	1501	True
1052	2122	True
1053	1	True
1053	498	True
1053	747	True
1053	790	True
1053	1563	True
1053	1652	True
1053	2233	True
1054	2233	True
1055	546	True
1056	1472	True
1057	1026	True
1057	2073	True
1057	2202	True
1058	57	True
1058	817	True
1058	1089	True
1058	1233	True
1058	2412	True
1059	2114	True
1060	902	True
1061	1337	True
1062	2477	True
1063	696	True
1064	71	True
1064	1241	True
1065	2142	True
1066	351	True
1066	1641	True
1066	2117	True
1066	2370	True
1066	2376	True
1066	2559	True
1067	1000	True
1067	1698	True
1068	545	True
1068	2115	True
1068	2502	True
1069	1056	True
1069	1472	True
1069	1769	True
1070	1358	True
1070	1763	True
1071	166	True
1071	868	True
1071	2656	True
1072	1694	True
1072	2058	True
1072	2503	True
1073	2059	True
1073	2376	True
1074	2060	True
1074	2433	True
1076	2285	True
1077	1596	True
1078	2165	True
1079	2256	True
1081	1916	True
1082	1081	True
1082	1903	True
1082	2582	True
1083	1595	True
1083	1610	True
1084	371	True
1084	2061	True
1085	1478	True
1085	1532	True
1085	1533	True
1085	1535	True
1085	1536	True
1085	1537	True
1085	1539	True
1085	1733	True
1085	2448	True
1086	2123	True
1087	1088	True
1087	2105	True
1087	2530	True
1088	1087	True
1088	2105	True
1088	2530	True
1090	1003	True
1090	2273	True
1090	2429	True
1090	2431	True
1090	2432	True
1090	2522	True
1091	179	True
1091	1448	True
1093	1094	True
1094	1093	True
1094	1098	True
1095	2065	True
1096	1437	True
1096	1443	True
1096	2609	True
1096	2668	True
1097	2204	True
1098	1240	True
1099	137	True
1101	1481	True
1102	198	True
1103	2333	True
1104	1105	True
1104	1277	True
1104	2617	True
1105	1277	True
1105	2617	True
1106	1375	True
1106	1792	True
1108	779	True
1108	2359	True
1109	2678	True
1110	1111	True
1110	1837	True
1110	2066	True
1111	1110	True
1111	1840	True
1111	2066	True
1111	2546	True
1112	538	True
1112	964	True
1112	1508	True
1112	1524	True
1112	1525	True
1113	2067	True
1114	1484	True
1115	2235	True
1116	2071	True
1116	2214	True
1117	388	True
1117	2072	True
1117	2262	True
1120	2281	True
1121	827	True
1124	2496	True
1124	2690	True
1125	2496	True
1125	2690	True
1127	1774	True
1129	1868	True
1129	2074	True
1129	2552	True
1129	2577	True
1130	952	True
1132	1367	True
1132	1695	True
1133	1132	True
1133	1695	True
1134	1790	True
1134	2251	True
1134	2524	True
1135	638	True
1136	914	True
1136	1808	True
1136	1846	True
1136	2239	True
1138	937	True
1138	1244	True
1138	2673	True
1139	98	True
1140	2079	True
1141	1595	True
1141	2079	True
1142	780	True
1142	945	True
1142	1193	True
1142	1552	True
1142	1906	True
1143	738	True
1143	2082	True
1144	2082	True
1145	1047	True
1145	2083	True
1145	2318	True
1146	1051	True
1146	1468	True
1146	2269	True
1146	2623	True
1147	1051	True
1148	2486	True
1149	2085	True
1150	1151	True
1151	1433	True
1151	2241	True
1153	1196	True
1154	1196	True
1154	1765	True
1154	2478	True
1155	864	True
1156	1128	True
1156	1389	True
1157	2088	True
1158	1423	True
1158	2200	True
1158	2334	True
1159	2089	True
1160	1669	True
1161	516	True
1161	839	True
1161	1172	True
1161	1376	True
1161	2634	True
1162	1163	True
1162	1518	True
1162	1828	True
1162	2698	True
1163	2538	True
1164	2291	True
1166	2406	True
1166	2527	True
1167	1792	True
1168	1528	True
1168	1826	True
1168	1828	True
1169	1077	True
1170	2393	True
1171	1829	True
1171	2537	True
1172	1792	True
1172	1794	True
1172	2393	True
1172	2406	True
1174	1173	True
1174	1199	True
1174	2150	True
1175	1062	True
1175	1154	True
1177	1176	True
1177	1818	True
1180	1328	True
1181	2091	True
1181	2148	True
1182	1184	True
1182	1656	True
1182	2404	True
1182	2486	True
1183	1182	True
1183	1184	True
1183	1656	True
1183	2404	True
1183	2486	True
1184	2404	True
1185	112	True
1185	2092	True
1186	2093	True
1187	1188	True
1187	2093	True
1188	2093	True
1189	1440	True
1189	2319	True
1190	470	True
1190	983	True
1190	1229	True
1190	1546	True
1190	2361	True
1190	2395	True
1190	2704	True
1191	471	True
1191	1229	True
1191	2297	True
1191	2395	True
1192	1289	True
1193	1552	True
1194	2095	True
1195	326	True
1195	1427	True
1195	1616	True
1195	1790	True
1195	2369	True
1196	2299	True
1197	8	True
1197	2553	True
1199	1173	True
1200	13	True
1200	57	True
1200	2126	True
1200	2412	True
1200	2624	True
1201	760	True
1201	2660	True
1202	584	True
1204	1717	True
1205	1482	True
1205	2167	True
1206	1482	True
1207	547	True
1207	1064	True
1207	1278	True
1207	1715	True
1207	1782	True
1207	2194	True
1207	2282	True
1207	2691	True
1207	2692	True
1208	2181	True
1209	886	True
1209	1578	True
1209	2518	True
1210	1672	True
1210	1673	True
1210	1674	True
1210	1865	True
1210	1896	True
1210	2118	True
1210	2414	True
1210	2415	True
1212	738	True
1213	601	True
1215	649	True
1215	2156	True
1216	2100	True
1217	0	True
1217	13	True
1217	524	True
1217	673	True
1217	802	True
1217	1200	True
1217	1329	True
1217	1553	True
1217	1562	True
1217	1642	True
1217	2195	True
1217	2337	True
1217	2400	True
1218	0	True
1218	1217	True
1218	1329	True
1218	1619	True
1218	1649	True
1218	2398	True
1222	2102	True
1223	2102	True
1226	491	True
1226	2279	True
1227	1198	True
1229	471	True
1230	1391	True
1230	2197	True
1231	1391	True
1231	1821	True
1231	2197	True
1232	2107	True
1233	1089	True
1235	2108	True
1236	1020	True
1236	2614	True
1238	360	True
1239	2109	True
1240	231	True
1240	1098	True
1241	1290	True
1241	1551	True
1241	2110	True
1241	2333	True
1242	2179	True
1243	2342	True
1244	2673	True
1245	2116	True
1245	2274	True
1246	876	True
1246	1617	True
1246	2150	True
1246	2367	True
1246	2374	True
1247	2168	True
1248	1249	True
1251	958	True
1252	50	True
1252	886	True
1252	1209	True
1252	1253	True
1252	1265	True
1252	1577	True
1252	1578	True
1252	1813	True
1252	1814	True
1252	1815	True
1252	1816	True
1252	1843	True
1252	1870	True
1252	2425	True
1252	2507	True
1252	2517	True
1252	2528	True
1252	2584	True
1253	1843	True
1253	2481	True
1253	2507	True
1253	2554	True
1254	1064	True
1254	2650	True
1254	2678	True
1255	2306	True
1255	2336	True
1256	383	True
1257	383	True
1257	1256	True
1257	2511	True
1258	2120	True
1259	232	True
1259	1678	True
1261	1260	True
1261	1262	True
1261	1809	True
1262	659	True
1262	1260	True
1262	1261	True
1262	1809	True
1262	2705	True
1263	659	True
1263	1260	True
1263	1261	True
1263	1262	True
1263	2705	True
1267	52	True
1267	2240	True
1268	52	True
1269	2334	True
1270	2301	True
1271	872	True
1272	1414	True
1274	739	True
1274	1470	True
1274	1485	True
1274	1785	True
1274	1787	True
1274	2503	True
1274	2505	True
1274	2561	True
1274	2691	True
1274	2692	True
1275	582	True
1275	1500	True
1275	1766	True
1275	2122	True
1276	2123	True
1277	1105	True
1277	2617	True
1278	2125	True
1281	1490	True
1282	2276	True
1284	951	True
1284	2129	True
1286	668	True
1286	2130	True
1287	1603	True
1287	1634	True
1287	2131	True
1287	2266	True
1288	2131	True
1289	1789	True
1290	1551	True
1290	2333	True
1291	934	True
1292	2133	True
1293	1195	True
1293	1920	True
1294	1646	True
1296	367	True
1297	2399	True
1298	922	True
1298	1480	True
1299	481	True
1300	972	True
1300	2550	True
1300	2587	True
1301	2140	True
1302	1123	True
1304	2143	True
1305	2143	True
1305	2433	True
1306	2144	True
1307	2145	True
1308	2147	True
1309	931	True
1309	2191	True
1310	2149	True
1311	2149	True
1312	823	True
1312	2149	True
1312	2578	True
1313	1074	True
1313	2433	True
1314	2150	True
1315	1316	True
1315	2151	True
1315	2211	True
1316	2151	True
1317	2620	True
1317	2667	True
1318	149	True
1318	1777	True
1318	2192	True
1319	2649	True
1320	972	True
1320	1346	True
1320	1392	True
1321	827	True
1322	772	True
1323	736	True
1323	2650	True
1325	697	True
1325	1208	True
1326	2157	True
1326	2633	True
1328	1180	True
1329	1217	True
1330	2159	True
1332	1666	True
1332	1870	True
1333	1666	True
1334	2161	True
1335	2162	True
1336	968	True
1336	1402	True
1336	2629	True
1336	2630	True
1337	968	True
1337	1891	True
1338	2163	True
1340	1339	True
1342	1140	True
1342	2479	True
1344	1460	True
1344	1502	True
1344	1689	True
1344	1690	True
1344	1691	True
1344	1692	True
1344	1754	True
1344	2292	True
1344	2426	True
1344	2427	True
1345	2285	True
1346	1808	True
1347	1808	True
1348	1349	True
1348	1862	True
1349	1862	True
1349	2353	True
1349	2662	True
1350	1349	True
1350	1862	True
1350	2353	True
1350	2662	True
1351	348	True
1351	2167	True
1352	602	True
1353	1587	True
1354	1355	True
1356	2305	True
1357	348	True
1358	1763	True
1364	147	True
1364	450	True
1364	1446	True
1364	2521	True
1365	2622	True
1366	542	True
1366	1393	True
1366	1711	True
1366	2447	True
1367	1339	True
1367	1818	True
1368	1324	True
1368	2469	True
1374	530	True
1375	1106	True
1378	2270	True
1380	2573	True
1380	2581	True
1381	2634	True
1382	2187	True
1383	2189	True
1384	2190	True
1386	2280	True
1389	370	True
1389	1156	True
1390	885	True
1390	1495	True
1391	2197	True
1392	1346	True
1392	2198	True
1393	1711	True
1394	929	True
1396	1886	True
1396	1891	True
1397	763	True
1398	1789	True
1398	2203	True
1399	53	True
1401	1515	True
1402	1336	True
1402	2629	True
1403	1183	True
1405	1188	True
1409	2215	True
1410	796	True
1410	1413	True
1411	1413	True
1412	796	True
1412	1413	True
1415	2218	True
1417	166	True
1418	1842	True
1418	2225	True
1419	454	True
1420	2633	True
1421	1453	True
1422	1697	True
1422	1886	True
1422	2583	True
1424	2229	True
1425	2230	True
1426	2231	True
1427	2395	True
1428	730	True
1429	679	True
1430	2237	True
1431	1327	True
1433	2241	True
1434	997	True
1435	919	True
1435	920	True
1436	2484	True
1442	2421	True
1444	1443	True
1444	1797	True
1445	2542	True
1445	2679	True
1447	2251	True
1447	2539	True
1448	2252	True
1450	2254	True
1451	676	True
1452	724	True
1452	2255	True
1453	1421	True
1454	1005	True
1455	2694	True
1456	2641	True
1460	1298	True
1462	2268	True
1463	993	True
1465	1425	True
1467	607	True
1467	2539	True
1468	603	True
1469	686	True
1469	1909	True
1469	2483	True
1469	2578	True
1473	993	True
1474	1982	True
1475	1779	True
1475	2501	True
1476	1778	True
1478	1736	True
1479	149	True
1479	2686	True
1481	1379	True
1483	1363	True
1484	1114	True
1486	2283	True
1487	2287	True
1488	2288	True
1489	2288	True
1490	2288	True
1491	1616	True
1491	2288	True
1493	719	True
1494	951	True
1494	2371	True
1498	1641	True
1498	2370	True
1501	2470	True
1501	2657	True
1501	2689	True
1502	1575	True
1502	1746	True
1502	1747	True
1502	1750	True
1502	1753	True
1502	1754	True
1502	2470	True
1502	2657	True
1502	2689	True
1503	487	True
1503	1748	True
1503	2657	True
1506	2302	True
1509	1556	True
1509	1569	True
1509	1861	True
1509	2307	True
1510	2309	True
1511	2310	True
1512	2312	True
1513	1514	True
1513	1515	True
1513	2313	True
1514	1517	True
1515	2313	True
1516	2313	True
1517	2314	True
1518	1511	True
1519	1793	True
1519	2514	True
1520	2319	True
1520	2587	True
1521	1830	True
1522	1521	True
1522	1767	True
1522	1827	True
1522	2696	True
1523	2321	True
1524	1525	True
1525	1524	True
1526	1594	True
1528	1767	True
1528	1827	True
1529	843	True
1529	1544	True
1531	1704	True
1532	1085	True
1533	1534	True
1533	1745	True
1534	1533	True
1535	2448	True
1536	1533	True
1536	1534	True
1537	1536	True
1538	1536	True
1538	1537	True
1539	1085	True
1539	1532	True
1540	1533	True
1540	1543	True
1540	2326	True
1541	1540	True
1541	1543	True
1541	2327	True
1542	1543	True
1542	2328	True
1542	2458	True
1543	2329	True
1544	1529	True
1545	684	True
1545	2330	True
1546	470	True
1546	2395	True
1548	58	True
1548	1549	True
1549	58	True
1550	2332	True
1551	2333	True
1553	2400	True
1553	2665	True
1554	1810	True
1555	1129	True
1555	1868	True
1555	2397	True
1555	2552	True
1555	2579	True
1556	1509	True
1556	1569	True
1556	1861	True
1558	1639	True
1559	1571	True
1559	1865	True
1562	712	True
1562	858	True
1562	954	True
1562	1589	True
1562	1622	True
1562	1638	True
1562	1651	True
1562	1652	True
1563	2488	True
1563	2578	True
1565	2402	True
1566	1641	True
1566	2370	True
1567	1638	True
1567	2681	True
1568	1341	True
1568	1553	True
1568	2400	True
1569	2338	True
1570	1571	True
1571	2339	True
1572	669	True
1572	2341	True
1574	2492	True
1575	2342	True
1576	1579	True
1577	1579	True
1578	884	True
1578	1265	True
1578	1815	True
1578	1816	True
1578	2507	True
1579	1577	True
1580	1576	True
1580	1577	True
1582	1581	True
1582	1583	True
1582	2345	True
1582	2347	True
1582	2676	True
1582	2677	True
1584	1583	True
1584	2345	True
1584	2666	True
1585	2365	True
1585	2372	True
1587	1581	True
1587	1617	True
1587	1623	True
1587	1624	True
1588	1582	True
1589	1287	True
1589	1627	True
1589	1634	True
1589	2365	True
1589	2372	True
1590	2346	True
1591	2350	True
1591	2423	True
1592	2352	True
1593	2352	True
1594	1526	True
1596	1597	True
1598	1599	True
1598	2360	True
1599	2360	True
1600	2364	True
1601	2364	True
1602	1603	True
1602	1604	True
1603	1604	True
1604	1603	True
1605	1612	True
1605	2365	True
1605	2372	True
1606	2365	True
1606	2372	True
1607	2367	True
1608	2371	True
1610	1618	True
1611	1627	True
1611	1628	True
1611	2377	True
1613	1617	True
1614	1638	True
1615	1616	True
1617	1616	True
1617	2569	True
1620	830	True
1621	830	True
1622	2373	True
1623	1624	True
1624	1623	True
1628	2377	True
1628	2674	True
1629	1628	True
1629	2674	True
1631	2377	True
1632	1766	True
1632	2400	True
1633	2379	True
1635	2381	True
1636	2676	True
1636	2677	True
1645	2387	True
1645	2388	True
1645	2389	True
1648	2392	True
1649	2398	True
1651	747	True
1651	1652	True
1652	747	True
1654	2401	True
1654	2482	True
1655	2683	True
1656	1182	True
1656	2486	True
1657	2405	True
1658	1809	True
1659	2407	True
1660	2408	True
1661	2409	True
1662	1663	True
1662	1664	True
1662	2411	True
1662	2684	True
1663	1664	True
1663	2411	True
1664	2684	True
1665	1045	True
1665	1883	True
1666	1883	True
1667	1668	True
1669	1160	True
1669	2416	True
1670	1671	True
1672	1673	True
1672	1896	True
1675	2413	True
1676	1673	True
1677	2421	True
1678	2422	True
1679	1446	True
1679	1680	True
1681	1878	True
1682	550	True
1684	1685	True
1685	1684	True
1686	467	True
1686	551	True
1686	1681	True
1686	1682	True
1686	2424	True
1687	551	True
1687	1688	True
1687	1878	True
1688	2428	True
1689	1692	True
1690	1692	True
1691	2426	True
1696	1305	True
1697	2435	True
1697	2436	True
1698	1783	True
1698	1784	True
1698	2436	True
1699	2437	True
1700	295	True
1700	2438	True
1700	2452	True
1701	1733	True
1702	1720	True
1702	1721	True
1702	1725	True
1702	1740	True
1702	2440	True
1702	2450	True
1703	1727	True
1703	2441	True
1705	1702	True
1706	1703	True
1706	1713	True
1706	1714	True
1706	1732	True
1706	1737	True
1706	1740	True
1706	1742	True
1706	1743	True
1706	2442	True
1706	2450	True
1706	2459	True
1706	2461	True
1706	2465	True
1707	1708	True
1707	2443	True
1708	2443	True
1709	2444	True
1710	2445	True
1711	2447	True
1712	295	True
1712	991	True
1712	1706	True
1712	1713	True
1712	1714	True
1712	1720	True
1712	1726	True
1712	1729	True
1712	1738	True
1712	1740	True
1712	2450	True
1712	2451	True
1712	2460	True
1712	2461	True
1712	2464	True
1712	2465	True
1713	295	True
1713	991	True
1713	1712	True
1713	1720	True
1713	2461	True
1713	2464	True
1714	1712	True
1716	1715	True
1716	2686	True
1717	1719	True
1718	1717	True
1720	2450	True
1722	1731	True
1723	1731	True
1724	1729	True
1724	2451	True
1725	1721	True
1725	2452	True
1726	1727	True
1726	1728	True
1726	2452	True
1726	2462	True
1728	1727	True
1728	2462	True
1729	1714	True
1729	1738	True
1729	2459	True
1729	2460	True
1729	2464	True
1730	1731	True
1730	2456	True
1731	2687	True
1732	1742	True
1732	1743	True
1732	2459	True
1733	2457	True
1734	1733	True
1734	2457	True
1735	1731	True
1736	1738	True
1737	1728	True
1737	2459	True
1738	991	True
1740	150	True
1741	150	True
1742	1743	True
1743	1742	True
1744	2463	True
1746	1750	True
1746	2470	True
1746	2689	True
1749	1750	True
1749	2468	True
1749	2469	True
1749	2510	True
1750	1753	True
1750	2468	True
1751	2689	True
1754	1575	True
1755	1756	True
1755	2473	True
1756	1755	True
1756	1757	True
1756	2472	True
1756	2473	True
1757	1755	True
1757	2472	True
1758	1550	True
1759	2471	True
1760	2474	True
1761	976	True
1761	2474	True
1762	2474	True
1764	2477	True
1764	2480	True
1765	2478	True
1767	1171	True
1767	2537	True
1768	2531	True
1769	2487	True
1770	1771	True
1770	2489	True
1771	1770	True
1771	2489	True
1772	2493	True
1773	2494	True
1774	909	True
1775	2495	True
1777	2284	True
1778	1476	True
1779	2500	True
1780	2502	True
1780	2504	True
1780	2506	True
1780	2691	True
1780	2692	True
1781	2504	True
1782	110	True
1783	110	True
1783	1784	True
1783	2504	True
1783	2691	True
1783	2692	True
1784	110	True
1784	1783	True
1784	2504	True
1784	2506	True
1785	2508	True
1786	1785	True
1786	2508	True
1787	2508	True
1788	2513	True
1791	1788	True
1791	2513	True
1792	1794	True
1793	1794	True
1794	1792	True
1796	1795	True
1797	1443	True
1798	1444	True
1798	1797	True
1804	1330	True
1806	2520	True
1807	2521	True
1808	1346	True
1810	1554	True
1810	1812	True
1814	2528	True
1815	50	True
1815	1265	True
1815	1813	True
1815	1816	True
1819	2533	True
1820	2534	True
1823	2535	True
1824	1171	True
1825	1163	True
1825	1826	True
1825	1828	True
1825	2698	True
1825	2699	True
1826	1528	True
1826	1829	True
1827	1162	True
1827	1528	True
1827	1824	True
1827	2697	True
1827	2698	True
1831	2701	True
1832	1888	True
1832	2543	True
1833	2540	True
1834	2542	True
1835	1836	True
1838	1111	True
1838	2549	True
1839	1418	True
1839	1842	True
1840	1895	True
1841	2553	True
1841	2587	True
1841	2589	True
1842	1418	True
1843	2554	True
1844	2555	True
1845	1846	True
1845	1847	True
1845	1848	True
1845	1857	True
1845	2567	True
1845	2568	True
1846	1845	True
1846	1847	True
1846	1857	True
1847	1845	True
1847	1857	True
1848	1845	True
1849	2556	True
1850	2560	True
1852	2557	True
1852	2564	True
1852	2565	True
1853	2564	True
1853	2565	True
1854	2564	True
1854	2565	True
1854	2566	True
1855	1853	True
1855	2564	True
1855	2565	True
1855	2566	True
1857	2567	True
1858	2571	True
1861	1557	True
1863	2576	True
1864	1210	True
1865	1210	True
1866	1867	True
1869	2580	True
1870	2585	True
1871	328	True
1871	1873	True
1871	1876	True
1872	328	True
1872	1871	True
1872	1873	True
1872	1876	True
1873	328	True
1873	1876	True
1874	2586	True
1876	1874	True
1897	2707	True
